刊物简称,Journal,年份,出版社,网址,领域,CCF推荐类别（国际学术刊物/会议）,CCF推荐类型,合并/更名为
TOPLAS,ACM Transactions on Programming Languages and Systems,2019,ACM,http://dblp.uni-trier.de/db/journals/toplas/,软件工程/系统软件/程序设计语言,推荐国际学术刊物,A类,
TOSEM,ACM Transactions on Software Engineering and Methodology,2019,ACM,http://dblp.uni-trier.de/db/journals/tosem/,软件工程/系统软件/程序设计语言,推荐国际学术刊物,A类,
TSE,IEEE Transactions on Software Engineering,2019,IEEE,http://dblp.uni-trier.de/db/journals/tse/,软件工程/系统软件/程序设计语言,推荐国际学术刊物,A类,
ASE,Automated Software Engineering,2019,Springer,http://dblp.uni-trier.de/db/journals/ase/,软件工程/系统软件/程序设计语言,推荐国际学术刊物,B类,
ESE,Empirical Software Engineering,2019,Springer,http://dblp.uni-trier.de/db/journals/ese/,软件工程/系统软件/程序设计语言,推荐国际学术刊物,B类,
TSC,IEEE Transactions on Services Computing,2019,IEEE,http://dblp.uni-trier.de/db/journals/tsc/,软件工程/系统软件/程序设计语言,推荐国际学术刊物,B类,
IETS,IET Software,2019,IET,http://dblp.uni-trier.de/db/journals/iee/index.html,软件工程/系统软件/程序设计语言,推荐国际学术刊物,B类,
IST,Information and Software Technology,2019,Elsevier,http://dblp.uni-trier.de/db/journals/infsof/index.html,软件工程/系统软件/程序设计语言,推荐国际学术刊物,B类,
JFP,Journal of Functional Programming,2019,Cambridge University Press,http://dblp.uni-trier.de/db/journals/jfp/,软件工程/系统软件/程序设计语言,推荐国际学术刊物,B类,
,Journal of Software-Evolution and Process,2019,Wiley,http://dblp.uni-trier.de/db/journals/smr/,软件工程/系统软件/程序设计语言,推荐国际学术刊物,B类,
JSS,Journal of Systems and Software,2019,Elsevier,http://dblp.uni-trier.de/db/journals/jss/,软件工程/系统软件/程序设计语言,推荐国际学术刊物,B类,
RE,Requirements Engineering,2019,Springer,http://dblp.uni-trier.de/db/journals/re/,软件工程/系统软件/程序设计语言,推荐国际学术刊物,B类,
SCP,Science of Computer Programming,2019,Elsevier,http://dblp.uni-trier.de/db/journals/scp/,软件工程/系统软件/程序设计语言,推荐国际学术刊物,B类,
SoSyM,Software and Systems Modeling,2019,Springer,http://dblp.uni-trier.de/db/journals/sosym/,软件工程/系统软件/程序设计语言,推荐国际学术刊物,B类,
STVR,Software Testing Verification & Reliability,2019,Wiley,http://dblp.uni-trier.de/db/journals/stvr/index.html,软件工程/系统软件/程序设计语言,推荐国际学术刊物,B类,
SPE,Software-Practice & Experience,2019,Wiley,http://dblp.uni-trier.de/db/journals/spe/,软件工程/系统软件/程序设计语言,推荐国际学术刊物,B类,
CL,"Computer Languages, Systems and Structures",2019,Elsevier,http://dblp.uni-trier.de/db/journals/cl/index.html,软件工程/系统软件/程序设计语言,推荐国际学术刊物,C类,Journal of Computer Languages
IJSEKE,International Journal of Software Engineering and Knowledge Engineering,2019,World Scientific,http://dblp.uni-trier.de/db/journals/ijseke/index.html,软件工程/系统软件/程序设计语言,推荐国际学术刊物,C类,
STTT,International Journal on Software Tools for Technology Transfer,2019,Springer,http://dblp.uni-trier.de/db/journals/sttt/,软件工程/系统软件/程序设计语言,推荐国际学术刊物,C类,
JLAP,Journal of Logic and Algebraic Programming,2019,Elsevier,http://dblp.uni-trier.de/db/journals/jlp/jlap.html,软件工程/系统软件/程序设计语言,推荐国际学术刊物,C类,Journal of Logical and Algebraic Methods in Programming
JWE,Journal of Web Engineering,2019,Rinton Press,http://dblp.uni-trier.de/db/journals/jwe/,软件工程/系统软件/程序设计语言,推荐国际学术刊物,C类,
SOCA,Service Oriented Computing and Applications,2019,Springer,http://dblp.uni-trier.de/db/journals/soca/,软件工程/系统软件/程序设计语言,推荐国际学术刊物,C类,
SQJ,Software Quality Journal,2019,Springer,http://dblp.uni-trier.de/db/journals/sqj/,软件工程/系统软件/程序设计语言,推荐国际学术刊物,C类,
TPLP,Theory and Practice of Logic Programming,2019,Cambridge University Press,http://dblp.uni-trier.de/db/journals/tplp/,软件工程/系统软件/程序设计语言,推荐国际学术刊物,C类,
PLDI,ACM SIGPLAN Symposium on Programming Language Design & Implementation,2019,ACM,http://dblp.uni-trier.de/db/conf/pldi/,软件工程/系统软件/程序设计语言,推荐国际学术会议,A类,
POPL,ACM SIGPLAN-SIGACT Symposium on Principles of Programming Languages,2019,ACM,http://dblp.uni-trier.de/db/conf/popl/,软件工程/系统软件/程序设计语言,推荐国际学术会议,A类,
FSE/ESEC,ACM SIGSOFT Symposium on the Foundation of Software Engineering/ European Software Engineering Conference,2019,ACM,http://dblp.uni-trier.de/db/conf/sigsoft/,软件工程/系统软件/程序设计语言,推荐国际学术会议,A类,
SOSP,ACM Symposium on Operating Systems Principles,2019,ACM,http://dblp.uni-trier.de/db/conf/sosp/,软件工程/系统软件/程序设计语言,推荐国际学术会议,A类,
OOPSLA,"Conference on Object-Oriented Programming Systems, Languages,and Applications",2019,ACM,http://dblp.uni-trier.de/db/conf/oopsla/,软件工程/系统软件/程序设计语言,推荐国际学术会议,A类,
ASE,International Conference on Automated Software Engineering,2019,IEEE/ACM,http://dblp.uni-trier.de/db/conf/kbse/,软件工程/系统软件/程序设计语言,推荐国际学术会议,A类,
ICSE,International Conference on Software Engineering,2019,ACM/IEEE,http://dblp.uni-trier.de/db/conf/icse/,软件工程/系统软件/程序设计语言,推荐国际学术会议,A类,
ISSTA,International Symposium on Software Testing and Analysis,2019,ACM,http://dblp.uni-trier.de/db/conf/issta/,软件工程/系统软件/程序设计语言,推荐国际学术会议,A类,
OSDI,USENIX Symposium on Operating Systems Design and Implementations,2019,USENIX,http://dblp.uni-trier.de/db/conf/osdi/,软件工程/系统软件/程序设计语言,推荐国际学术会议,A类,
ECOOP,European Conference on Object-Oriented Programming,2019,AITO,http://dblp.uni-trier.de/db/conf/ecoop/,软件工程/系统软件/程序设计语言,推荐国际学术会议,B类,
ETAPS,European Joint Conferences on Theory and Practice of Software,2019,Springer,http://dblp.uni-trier.de/db/conf/etaps/,软件工程/系统软件/程序设计语言,推荐国际学术会议,B类,
ICPC,IEEE International Conference on Program Comprehension,2019,IEEE,http://dblp.uni-trier.de/db/conf/iwpc/,软件工程/系统软件/程序设计语言,推荐国际学术会议,B类,
RE,IEEE International Requirements Engineering Conference,2019,IEEE,http://dblp.uni-trier.de/db/conf/re/,软件工程/系统软件/程序设计语言,推荐国际学术会议,B类,
CAiSE,International Conference on Advanced Information Systems Engineering,2019,Springer,http://dblp.uni-trier.de/db/conf/caise/,软件工程/系统软件/程序设计语言,推荐国际学术会议,B类,
ICFP,International Conference on Function Programming,2019,ACM,http://dblp.uni-trier.de/db/conf/icfp/,软件工程/系统软件/程序设计语言,推荐国际学术会议,B类,
LCTES,"International Conference on Languages,Compilers, Tools and Theory for Embedded Systems",2019,ACM,http://dblp.uni-trier.de/db/conf/lctrts/,软件工程/系统软件/程序设计语言,推荐国际学术会议,B类,
MoDELS,International Conference on Model Driven Engineering Languages and Systems,2019,"ACM, IEEE",http://dblp.uni-trier.de/db/conf/models/,软件工程/系统软件/程序设计语言,推荐国际学术会议,B类,
CP,International Conference on Principles and Practice of Constraint Programming,2019,Springer,http://dblp.uni-trier.de/db/conf/cp/,软件工程/系统软件/程序设计语言,推荐国际学术会议,B类,
ICSOC,International Conference on Service Oriented Computing,2019,Springer,http://dblp.uni-trier.de/db/conf/icsoc/,软件工程/系统软件/程序设计语言,推荐国际学术会议,B类,
SANER,"International Conference on Software Analysis, Evolution, and Reengineering",2019,IEEE,http://dblp.uni-trier.de/db/conf/wcre/,软件工程/系统软件/程序设计语言,推荐国际学术会议,B类,
ICSME,International Conference on Software Maintenance and Evolution,2019,IEEE,http://dblp.uni-trier.de/db/conf/icsm/,软件工程/系统软件/程序设计语言,推荐国际学术会议,B类,
VMCAI,"International Conference on Verification,Model Checking, and Abstract Interpretation",2019,Springer,http://dblp.uni-trier.de/db/conf/vmcai/,软件工程/系统软件/程序设计语言,推荐国际学术会议,B类,
ICWS,International Conference on Web Services（Research Track）,2019,IEEE,http://dblp.uni-trier.de/db/conf/icws/,软件工程/系统软件/程序设计语言,推荐国际学术会议,B类,
Middleware,International Middleware Conference,2019,ACM/IFIP/ USENIX,http://dblp.uni-trier.de/db/conf/middleware/,软件工程/系统软件/程序设计语言,推荐国际学术会议,B类,
SAS,International Static Analysis Symposium,2019,Springer,http://dblp.uni-trier.de/db/conf/sas/,软件工程/系统软件/程序设计语言,推荐国际学术会议,B类,
ESEM,International Symposium on Empirical Software Engineering and Measurement,2019,ACM/IEEE,http://dblp.uni-trier.de/db/conf/esem/,软件工程/系统软件/程序设计语言,推荐国际学术会议,B类,
FM,International Symposium on Formal Methods,2019,FME,http://dblp.uni-trier.de/db/conf/fm/,软件工程/系统软件/程序设计语言,推荐国际学术会议,B类,
ISSRE,International Symposium on Software Reliability Engineering,2019,IEEE,http://dblp.uni-trier.de/db/conf/issre/,软件工程/系统软件/程序设计语言,推荐国际学术会议,B类,
HotOS,USENIX Workshop on Hot Topics in Operating Systems,2019,USENIX,http://dblp.uni-trier.de/db/conf/hotos/,软件工程/系统软件/程序设计语言,推荐国际学术会议,B类,
PEPM,ACM SIGPLAN Workshop on Partial Evaluation and Program Manipulation,2019,ACM,http://dblp.uni-trier.de/db/conf/pepm/,软件工程/系统软件/程序设计语言,推荐国际学术会议,C类,
PASTE,ACMSIGPLAN-SIGSOFT Workshop on Program Analysis for Software Tools and Engineering,2019,ACM,http://dblp.uni-trier.de/db/conf/paste/,软件工程/系统软件/程序设计语言,推荐国际学术会议,C类,
APLAS,Asian Symposium on Programming Languages and Systems,2019,Springer,http://dblp.uni-trier.de/db/conf/aplas/,软件工程/系统软件/程序设计语言,推荐国际学术会议,C类,
APSEC,Asia-Pacific Software Engineering Conference,2019,IEEE,http://dblp.uni-trier.de/db/conf/apsec/,软件工程/系统软件/程序设计语言,推荐国际学术会议,C类,
EASE,Evaluation and Assessment in Software Engineering,2019,ACM,http://dblp.uni-trier.de/db/conf/ease/,软件工程/系统软件/程序设计语言,推荐国际学术会议,C类,
ICECCS,IEEE International Conference on Engineering of Complex Computer Systems,2019,IEEE,http://dblp.uni-trier.de/db/conf/iceccs/,软件工程/系统软件/程序设计语言,推荐国际学术会议,C类,
ICST,"IEEE International Conference on Software Testing, Verification and Validation",2019,IEEE,http://dblp.uni-trier.de/db/conf/icst/,软件工程/系统软件/程序设计语言,推荐国际学术会议,C类,
ISPASS,IEEE International Symposium on Performance Analysis of Systems and Software,2019,IEEE,http://dblp.uni-trier.de/db/conf/ispass/,软件工程/系统软件/程序设计语言,推荐国际学术会议,C类,
SCAM,IEEE International Working Conference on Source Code Analysis and Manipulation,2019,IEEE,http://dblp.uni-trier.de/db/conf/scam/,软件工程/系统软件/程序设计语言,推荐国际学术会议,C类,
COMPSAC,International Computer Software and Applications Conference,2019,IEEE,http://dblp.uni-trier.de/db/conf/compsac/,软件工程/系统软件/程序设计语言,推荐国际学术会议,C类,
ICFEM,International Conference on Formal Engineering Methods,2019,Springer,http://dblp.uni-trier.de/db/conf/icfem/,软件工程/系统软件/程序设计语言,推荐国际学术会议,C类,
TOOLS,"International Conference on Objects, Models, Components, Patterns",2019,Springer,http://dblp.uni-trier.de/db/conf/tools/index.html,软件工程/系统软件/程序设计语言,推荐国际学术会议,C类,
SCC,International Conference on Service Computing,2019,IEEE,http://dblp.uni-trier.de/db/conf/IEEEscc/,软件工程/系统软件/程序设计语言,推荐国际学术会议,C类,
ICSSP,International Conference on Software and System Process,2019,ISPA,http://dblp.uni-trier.de/db/conf/ispw/,软件工程/系统软件/程序设计语言,推荐国际学术会议,C类,
SEKE,International Conference on Software Engineering and Knowledge Engineering,2019,KSI,http://dblp.uni-trier.de/db/conf/seke/,软件工程/系统软件/程序设计语言,推荐国际学术会议,C类,
QRS,"International Conference on Software Quality, Reliability and Security",2019,IEEE,http://paris.utdallas.edu/qrs/,软件工程/系统软件/程序设计语言,推荐国际学术会议,C类,
ICSR,International Conference on Software Reuse,2019,Springer,http://dblp.uni-trier.de/db/conf/icsr/,软件工程/系统软件/程序设计语言,推荐国际学术会议,C类,
ICWE,International Conference on Web Engineering,2019,Springer,http://dblp.uni-trier.de/db/conf/icwe/,软件工程/系统软件/程序设计语言,推荐国际学术会议,C类,
SPIN,International SPIN Workshop on Model Checking of Software,2019,Springer,http://dblp.uni-trier.de/db/conf/spin/index.html,软件工程/系统软件/程序设计语言,推荐国际学术会议,C类,
ATVA,International Symposium on Automated Technology for Verification and Analysis,2019,Springer,http://dblp.uni-trier.de/db/conf/atva/,软件工程/系统软件/程序设计语言,推荐国际学术会议,C类,
LOPSTR,International Symposium on Logic-based Program Synthesis and Transformation,2019,Springer,http://dblp.uni-trier.de/db/conf/lopstr/,软件工程/系统软件/程序设计语言,推荐国际学术会议,C类,
TASE,International Symposium on Theoretical Aspects of Software Engineering,2019,IEEE,http://dblp.uni-trier.de/db/conf/tase/,软件工程/系统软件/程序设计语言,推荐国际学术会议,C类,
MSR,Mining Software Repositories,2019,IEEE/ACM,http://dblp.uni-trier.de/db/conf/msr/,软件工程/系统软件/程序设计语言,推荐国际学术会议,C类,
REFSQ,Requirements Engineering: Foundation for Software Quality,2019,Springer,http://dblp.uni-trier.de/db/conf/refsq/,软件工程/系统软件/程序设计语言,推荐国际学术会议,C类,
WICSA,Working IEEE/IFIP Conference on Software Architecture,2019,IEEE,http://dblp.uni-trier.de/db/conf/wicsa/,软件工程/系统软件/程序设计语言,推荐国际学术会议,C类,
JSAC,IEEE Journal on Selected Areas in Communications,2019,IEEE,http://dblp.uni-trier.de/db/journals/jsac/,计算机网络,推荐国际学术刊物,A类,
TMC,IEEE Transactions on Mobile Computing,2019,IEEE,http://dblp.uni-trier.de/db/journals/tmc/,计算机网络,推荐国际学术刊物,A类,
TON,IEEE-ACM Transactions on Networking,2019,IEEE/ACM,http://dblp.uni-trier.de/db/journals/ton/,计算机网络,推荐国际学术刊物,A类,
TOIT,ACM Transactions on Internet Technology,2019,ACM,http://dblp.uni-trier.de/db/journals/toit/,计算机网络,推荐国际学术刊物,B类,
TOMCCAP,ACM Transactions on Multimedia Computing Communications and Applications,2019,ACM,http://dblp.uni-trier.de/db/journals/tomccap/,计算机网络,推荐国际学术刊物,B类,
TOSN,ACM Transactions on Sensor Networks,2019,ACM,http://dblp.uni-trier.de/db/journals/tosn/,计算机网络,推荐国际学术刊物,B类,
CN,Computer Networks,2019,Elsevier,http://dblp.uni-trier.de/db/journals/cn/,计算机网络,推荐国际学术刊物,B类,
TCOM,IEEE Transactions on Communications,2019,IEEE,http://dblp.uni-trier.de/db/journals/tcom/,计算机网络,推荐国际学术刊物,B类,
TWC,IEEE Transactions on Wireless Communications,2019,IEEE,http://dblp.uni-trier.de/db/journals/twc/,计算机网络,推荐国际学术刊物,B类,
,Ad hoc Networks,2019,Elsevier,http://dblp.uni-trier.de/db/journals/adhoc/,计算机网络,推荐国际学术刊物,C类,
CC,Computer Communications,2019,Elsevier,http://dblp.uni-trier.de/db/journals/comcom/,计算机网络,推荐国际学术刊物,C类,
TNSM,IEEE Transactions on Network and Service Management,2019,IEEE,http://dblp.uni-trier.de/db/journals/tnsm/,计算机网络,推荐国际学术刊物,C类,
,IET Communications,2019,IET,http://dblp.uni-trier.de/db/journals/iet-com/,计算机网络,推荐国际学术刊物,C类,
JNCA,Journal of Network and Computer Applications,2019,Elsevier,http://dblp.uni-trier.de/db/journals/jnca/,计算机网络,推荐国际学术刊物,C类,
MONET,Mobile Networks & Applications,2019,Springer,http://dblp.uni-trier.de/db/journals/monet/,计算机网络,推荐国际学术刊物,C类,
,Networks,2019,Wiley,http://dblp.uni-trier.de/db/journals/networks/,计算机网络,推荐国际学术刊物,C类,
PPNA,Peer-to-Peer Networking and Applications,2019,Springer,http://dblp.uni-trier.de/db/journals/ppna/,计算机网络,推荐国际学术刊物,C类,
WCMC,Wireless Communications & Mobile Computing,2019,Wiley.,http://dblp.uni-trier.de/db/journals/wicomm/,计算机网络,推荐国际学术刊物,C类,
,Wireless Networks,2019,Springer,http://dblp.uni-trier.de/db/journals/winet/,计算机网络,推荐国际学术刊物,C类,
SIGCOMM,"ACM International Conference on Applications, Technologies, Architectures, and Protocols for Computer Communication",2019,ACM,http://dblp.uni-trier.de/db/conf/sigcomm/index.html,计算机网络,推荐国际学术会议,A类,
MobiCom,ACM International Conference on Mobile Computing and Networking,2019,ACM,http://dblp.uni-trier.de/db/conf/mobicom/,计算机网络,推荐国际学术会议,A类,
INFOCOM,IEEE International Conference on Computer Communications,2019,IEEE,http://dblp.uni-trier.de/db/conf/infocom/,计算机网络,推荐国际学术会议,A类,
NSDI,Symposium on Network System Design and Implementation,2019,USENIX,http://dblp.uni-trier.de/db/conf/nsdi/,计算机网络,推荐国际学术会议,A类,
SenSys,ACM Conference on Embedded Networked Sensor Systems,2019,ACM,http://dblp.uni-trier.de/db/conf/sensys/,计算机网络,推荐国际学术会议,B类,
CoNEXT,ACM International Conference on emerging Networking EXperiments and Technologies,2019,ACM,http://dblp.uni-trier.de/db/conf/conext/,计算机网络,推荐国际学术会议,B类,
SECON,IEEE Communications Society Conference on Sensor and Ad Hoc Communications and Networks,2019,IEEE,http://dblp.uni-trier.de/db/conf/secon/,计算机网络,推荐国际学术会议,B类,
IPSN,International Conference on Information Processing in Sensor Networks,2019,IEEE/ACM,http://dblp.uni-trier.de/db/conf/ipsn/,计算机网络,推荐国际学术会议,B类,
MobiSys,"International Conference on Mobile Systems, Applications, and Services",2019,ACM,http://dblp.uni-trier.de/db/conf/mobisys/,计算机网络,推荐国际学术会议,B类,
ICNP,International Conference on Network Protocols,2019,IEEE,http://dblp.uni-trier.de/db/conf/icnp/,计算机网络,推荐国际学术会议,B类,
MobiHoc,International Symposium on Mobile Ad Hoc Networking and Computing,2019,ACM/IEEE,http://dblp.uni-trier.de/db/conf/mobihoc/,计算机网络,推荐国际学术会议,B类,
NOSSDAV,International Workshop on Network and Operating System Support for Digital Audio and Video,2019,ACM,http://dblp.uni-trier.de/db/conf/nossdav/,计算机网络,推荐国际学术会议,B类,
IWQoS,International Workshop on Quality of Service,2019,IEEE,http://dblp.uni-trier.de/db/conf/iwqos/,计算机网络,推荐国际学术会议,B类,
IMC,Internet Measurement Conference,2019,ACM/USENIX,http://dblp.uni-trier.de/db/conf/imc/,计算机网络,推荐国际学术会议,B类,
ANCS,Architectures for Networking and Communications Systems,2019,ACM/IEEE,http://dblp.uni-trier.de/db/conf/ancs/,计算机网络,推荐国际学术会议,C类,
APNOMS,Asia-Pacific Network Operations and Management Symposium,2019,IFIP/IEEE,http://dblp.uni-trier.de/db/conf/apnoms/,计算机网络,推荐国际学术会议,C类,
FORTE,Formal Techniques for Networked and Distributed Systems,2019,Springer,http://dblp.uni-trier.de/db/conf/forte/,计算机网络,推荐国际学术会议,C类,
LCN,IEEE Conference on Local Computer Networks,2019,IEEE,http://dblp.uni-trier.de/db/conf/lcn/,计算机网络,推荐国际学术会议,C类,
GLOBECOM,IEEE Global Communications Conference,2019,IEEE,http://dblp.uni-trier.de/db/conf/globecom/,计算机网络,推荐国际学术会议,C类,
ICC,IEEE International Conference on Communications,2019,IEEE,http://dblp.uni-trier.de/db/conf/icc/,计算机网络,推荐国际学术会议,C类,
ICCCN,IEEE International Conference on Computer Communications and Networks,2019,IEEE,http://dblp.uni-trier.de/db/conf/icccn/,计算机网络,推荐国际学术会议,C类,
MASS,IEEE International Conference on Mobile Ad-hoc and Sensor Systems,2019,IEEE,http://dblp.uni-trier.de/db/conf/mass/index.html,计算机网络,推荐国际学术会议,C类,
P2P,IEEE International Conference on P2P Computing,2019,IEEE,http://dblp.uni-trier.de/db/conf/p2p/,计算机网络,推荐国际学术会议,C类,
IPCCC,IEEE International Performance Computing and Communications Conference,2019,IEEE,http://dblp.uni-trier.de/db/conf/ipccc/,计算机网络,推荐国际学术会议,C类,
WoWMoM,IEEE International Symposium on a World of Wireless Mobile and Multimedia Networks,2019,IEEE,http://dblp.uni-trier.de/db/conf/wowmom/,计算机网络,推荐国际学术会议,C类,
ISCC,IEEE Symposium on Computers and Communications,2019,IEEE,http://dblp.uni-trier.de/db/conf/iscc/,计算机网络,推荐国际学术会议,C类,
WCNC,IEEE Wireless Communications & Networking Conference,2019,IEEE,http://dblp.uni-trier.de/db/conf/wcnc/,计算机网络,推荐国际学术会议,C类,
Networking,IFIP International Conferences on Networking,2019,IFIP,http://dblp.uni-trier.de/db/conf/networking/index.html,计算机网络,推荐国际学术会议,C类,
IM,IFIP/IEEE International Symposium on Integrated Network Management,2019,IFIP/IEEE,http://dblp.uni-trier.de/db/conf/im/index.html,计算机网络,推荐国际学术会议,C类,
MSN,International Conference on Mobile Ad-hoc and Sensor Networks,2019,IEEE,https://dblp.uni-trier.de/db/conf/msn/,计算机网络,推荐国际学术会议,C类,
MSWiM,"International Conference on Modeling, Analysis and Simulation of Wireless and Mobile Systems",2019,ACM,http://dblp.uni-trier.de/db/conf/mswim/,计算机网络,推荐国际学术会议,C类,
WASA,"International Conference on Wireless Algorithms, Systems, and Applications",2019,Springer,http://dblp.uni-trier.de/db/conf/wasa/,计算机网络,推荐国际学术会议,C类,
HotNets,The Workshop on Hot Topics in Networks,2019,ACM,http://dblp.uni-trier.de/db/conf/hotnets/,计算机网络,推荐国际学术会议,C类,
TOG,ACM Transactions on Graphics,2019,ACM,http://dblp.uni-trier.de/db/journals/tog/,计算机图形学与多媒体,推荐国际学术刊物,A类,
TIP,IEEE Transactions on Image Processing,2019,IEEE,http://dblp.uni-trier.de/db/journals/tip/,计算机图形学与多媒体,推荐国际学术刊物,A类,
TVCG,IEEE Transactions on Visualization and Computer Graphics,2019,IEEE,http://dblp.uni-trier.de/db/journals/tvcg/,计算机图形学与多媒体,推荐国际学术刊物,A类,
TOMCCAP,ACM Transactions on Multimedia Computing Communications and Applications,2019,ACM,http://dblp.uni-trier.de/db/journals/tomccap/,计算机图形学与多媒体,推荐国际学术刊物,B类,
CAGD,Computer Aided Geometric Design,2019,Elsevier,http://dblp.uni-trier.de/db/journals/cagd/,计算机图形学与多媒体,推荐国际学术刊物,B类,
CGF,Computer Graphics Forum,2019,Wiley,http://dblp.uni-trier.de/db/journals/cgf/,计算机图形学与多媒体,推荐国际学术刊物,B类,
CAD,Computer-Aided Design,2019,Elsevier,http://dblp.uni-trier.de/db/journals/cad/,计算机图形学与多媒体,推荐国际学术刊物,B类,
GM,Graphical Models,2019,Elsevier,http://dblp.uni-trier.de/db/journals/cvgip/,计算机图形学与多媒体,推荐国际学术刊物,B类,
TCSVT,IEEE Transactions on Circuits and Systems for Video Technology,2019,IEEE,http://dblp.uni-trier.de/db/journals/tcsv/,计算机图形学与多媒体,推荐国际学术刊物,B类,
TMM,IEEE Transactions on Multimedia,2019,IEEE,http://dblp.uni-trier.de/db/journals/tmm/,计算机图形学与多媒体,推荐国际学术刊物,B类,
JASA,Journal of The Acoustical Society of America,2019,AIP,http://scitation.aip.org/content/asa/journal/jasa,计算机图形学与多媒体,推荐国际学术刊物,B类,
SIIMS,SIAM Journal on Imaging Sciences,2019,SIAM,http://dblp.uni-trier.de/db/journals/siamis/,计算机图形学与多媒体,推荐国际学术刊物,B类,
Speech Com,Speech Communication,2019,Elsevier,http://dblp.uni-trier.de/db/journals/speech/,计算机图形学与多媒体,推荐国际学术刊物,B类,
CGTA,Computational Geometry-Theory and Applications,2019,Elsevier,http://dblp.uni-trier.de/db/journals/comgeo/,计算机图形学与多媒体,推荐国际学术刊物,C类,
CAVW,Computer Animation and Virtual Worlds,2019,Wiley,http://onlinelibrary.wiley.com/journal/10.1002/(ISSN)1546-427X,计算机图形学与多媒体,推荐国际学术刊物,C类,
C&G,Computers & Graphics-UK,2019,Elsevier,http://dblp.uni-trier.de/db/journals/cg/,计算机图形学与多媒体,推荐国际学术刊物,C类,
DCG,Discrete & Computational Geometry,2019,Springer,http://dblp.uni-trier.de/db/journals/dcg/,计算机图形学与多媒体,推荐国际学术刊物,C类,
SPL,IEEE Signal Processing Letters,2019,IEEE,http://dblp.uni-trier.de/db/journals/spl/,计算机图形学与多媒体,推荐国际学术刊物,C类,
IET-IPR,IET Image Processing,2019,IET,http://dblp.uni-trier.de/db/journals/iet-ipr/,计算机图形学与多媒体,推荐国际学术刊物,C类,
JVCIR,Journal of Visual Communication and Image Representation,2019,Elsevier,http://dblp.uni-trier.de/db/journals/jvcir/,计算机图形学与多媒体,推荐国际学术刊物,C类,
MS,Multimedia Systems,2019,Springer,http://dblp.uni-trier.de/db/journals/mms/,计算机图形学与多媒体,推荐国际学术刊物,C类,
MTA,Multimedia Tools and Applications,2019,Springer,http://dblp.uni-trier.de/db/journals/mta/,计算机图形学与多媒体,推荐国际学术刊物,C类,
,Signal Processing,2019,Elsevier,http://dblp.uni-trier.de/db/journals/sigpro/,计算机图形学与多媒体,推荐国际学术刊物,C类,
SPIC,Signal processing-image communication,2019,Elsevier,http://dblp.uni-trier.de/db/journals/spic/,计算机图形学与多媒体,推荐国际学术刊物,C类,
TVC,Visual Computer,2019,Springer,http://dblp.uni-trier.de/db/journals/vc/,计算机图形学与多媒体,推荐国际学术刊物,C类,
ACM MM,ACM International Conference on Multimedia,2019,ACM,http://dblp.uni-trier.de/db/conf/mm/,计算机图形学与多媒体,推荐国际学术会议,A类,
SIGGRAPH,ACM SIGGRAPH Annual Conference,2019,ACM,http://dblp.uni-trier.de/db/conf/siggraph/index.html,计算机图形学与多媒体,推荐国际学术会议,A类,
VR,IEEE Virtual Reality,2019,IEEE,http://dblp.uni-trier.de/db/conf/vr/,计算机图形学与多媒体,推荐国际学术会议,A类,
IEEE VIS,IEEE Visualization Conference,2019,IEEE,http://dblp.uni-trier.de/db/conf/visualization/index.html,计算机图形学与多媒体,推荐国际学术会议,A类,
ICMR,ACM SIGMM International Conference on Multimedia Retrieval,2019,ACM,http://dblp.uni-trier.de/db/conf/mir/,计算机图形学与多媒体,推荐国际学术会议,B类,
SI3D,ACM Symposium on Interactive 3D Graphics,2019,ACM,http://dblp.uni-trier.de/db/conf/si3d/,计算机图形学与多媒体,推荐国际学术会议,B类,
SCA,ACM/Eurographics Symposium on Computer Animation,2019,ACM,http://dblp.uni-trier.de/db/conf/sca/index.html,计算机图形学与多媒体,推荐国际学术会议,B类,
DCC,Data Compression Conference,2019,IEEE,http://dblp.uni-trier.de/db/conf/dcc/,计算机图形学与多媒体,推荐国际学术会议,B类,
EG,Eurographics,2019,Wiley/ Blackwell,http://dblp.uni-trier.de/db/conf/eurographics/,计算机图形学与多媒体,推荐国际学术会议,B类,
EuroVis,Eurographics Conference on Visualization,2019,ACM,http://dblp.uni-trier.de/db/conf/vissym/,计算机图形学与多媒体,推荐国际学术会议,B类,
SGP,Eurographics Symposium on Geometry Processing,2019,Wiley/Blackwell,http://dblp.uni-trier.de/db/conf/sgp/,计算机图形学与多媒体,推荐国际学术会议,B类,
EGSR,Eurographics Symposium on Rendering,2019,Wiley/Blackwell,http://dblp.uni-trier.de/db/conf/rt/,计算机图形学与多媒体,推荐国际学术会议,B类,
ICASSP,"IEEE International Conference on Acoustics,Speech and SP",2019,IEEE,http://dblp.uni-trier.de/db/conf/icassp/,计算机图形学与多媒体,推荐国际学术会议,B类,
ICME,IEEE International Conference on Multimedia& Expo,2019,IEEE,http://dblp.uni-trier.de/db/conf/icmcs/,计算机图形学与多媒体,推荐国际学术会议,B类,
ISMAR,International Symposium on Mixed and Augmented Reality,2019,IEEE/ACM,http://dblp.uni-trier.de/db/conf/ismar/,计算机图形学与多媒体,推荐国际学术会议,B类,
PG,Pacific Graphics: The Pacific Conference on Computer Graphics and Applications,2019,Wiley/Blackwell,http://dblp.uni-trier.de/db/conf/pg/index.html,计算机图形学与多媒体,推荐国际学术会议,B类,
SPM,Symposium on Solid and Physical Modeling,2019,SMA/Elsevier,http://dblp.uni-trier.de/db/conf/sma/,计算机图形学与多媒体,推荐国际学术会议,B类,
,ACM Symposium on Virtual Reality Software and Technology,2019,ACM,http://dblp2.uni-trier.de/db/conf/vrst/,计算机图形学与多媒体,推荐国际学术会议,C类,
CASA,Computer Animation and Social Agents,2019,Wiley,http://dblp.uni-trier.de/db/conf/ca/,计算机图形学与多媒体,推荐国际学术会议,C类,
CGI,Computer Graphics International,2019,Springer,http://dblp.uni-trier.de/db/conf/cgi/,计算机图形学与多媒体,推荐国际学术会议,C类,
INTERSPEECH,Conference of the International Speech Communication Association,2019,,http://dblp.uni-trier.de/db/conf/interspeech/index.html,计算机图形学与多媒体,推荐国际学术会议,C类,
GMP,Geometric Modeling and Processing,2019,Elsevier,http://dblp.uni-trier.de/db/conf/gmp/,计算机图形学与多媒体,推荐国际学术会议,C类,
PacificVis,IEEE Pacific Visualization Symposium,2019,IEEE,http://dblp.uni-trier.de/db/conf/apvis/,计算机图形学与多媒体,推荐国际学术会议,C类,
3DV,International Conference on 3D Vision,2019,IEEE,https://dblp.uni-trier.de/db/conf/3dim/,计算机图形学与多媒体,推荐国际学术会议,C类,
CAD/Graphics,International Conference on Computer-Aided Design and Computer Graphics,2019,IEEE,https://dblp.uni-trier.de/db/conf/cadgraphics/,计算机图形学与多媒体,推荐国际学术会议,C类,
ICIP,International Conference on Image Processing,2019,IEEE,http://dblp.uni-trier.de/db/conf/icip/,计算机图形学与多媒体,推荐国际学术会议,C类,
MMM,International Conference on Multimedia Modeling,2019,Springer,http://dblp.uni-trier.de/db/conf/mmm/index.html,计算机图形学与多媒体,推荐国际学术会议,C类,
PCM,Pacific-Rim Conference on Multimedia,2019,Springer,http://dblp.uni-trier.de/db/conf/pcm/,计算机图形学与多媒体,推荐国际学术会议,C类,
SMI,Shape Modeling International,2019,IEEE,http://dblp.uni-trier.de/db/conf/smi/,计算机图形学与多媒体,推荐国际学术会议,C类,
TOCHI,ACM Transactions on Computer-Human Interaction,2019,ACM,http://dblp.uni-trier.de/db/journals/tochi/,人机交互与普适计算,推荐国际学术刊物,A类,
IJHCS,International Journal of Human-Computer Studies,2019,Elsevier,http://dblp.uni-trier.de/db/journals/ijmms/,人机交互与普适计算,推荐国际学术刊物,A类,
CSCW,Computer Supported Cooperative Work-The Journal of Collaborative Computing and Work Practices,2019,Springer,http://dblp.uni-trier.de/db/journals/cscw/,人机交互与普适计算,推荐国际学术刊物,B类,
HCI,Human-Computer Interaction,2019,Taylor &Francis,http://dblp.uni-trier.de/db/journals/hhci/,人机交互与普适计算,推荐国际学术刊物,B类,
,IEEE Transactions on Human-Machine Systems,2019,IEEE,http://dblp.uni-trier.de/db/journals/thms/,人机交互与普适计算,推荐国际学术刊物,B类,
IWC,Interacting with Computers,2019,Oxford University Press,http://dblp.uni-trier.de/db/journals/iwc/,人机交互与普适计算,推荐国际学术刊物,B类,
IJHCI,International Journal of Human-Computer Interaction,2019,Taylor &Francis,http://dblp.uni-trier.de/db/journals/ijhci/,人机交互与普适计算,推荐国际学术刊物,B类,
UMUAI,User Modeling and User-Adapted Interaction,2019,Springer,http://dblp.uni-trier.de/db/journals/umuai/,人机交互与普适计算,推荐国际学术刊物,B类,
BIT,Behaviour & Information Technology,2019,Taylor & Francis,http://dblp.uni-trier.de/db/journals/behaviourIT/,人机交互与普适计算,推荐国际学术刊物,C类,
PUC,Personal and Ubiquitous Computing,2019,Springer,http://dblp.uni-trier.de/db/journals/puc/,人机交互与普适计算,推荐国际学术刊物,C类,
PMC,Pervasive and Mobile Computing,2019,Elsevier,http://dblp.uni-trier.de/db/journals/percom/,人机交互与普适计算,推荐国际学术刊物,C类,
CSCW,ACM Conference on Computer Supported Cooperative Work and Social Computing,2019,ACM,http://dblp.uni-trier.de/db/conf/cscw,人机交互与普适计算,推荐国际学术会议,A类,
CHI,ACM Conference on Human Factors in Computing Systems,2019,ACM,http://dblp.uni-trier.de/db/conf/chi,人机交互与普适计算,推荐国际学术会议,A类,
UbiComp,ACM International Conference on Ubiquitous Computing,2019,ACM,http://dblp.uni-trier.de/db/conf/huc/,人机交互与普适计算,推荐国际学术会议,A类,
GROUP,ACM Conference on Supporting Group Work,2019,ACM,http://dblp.uni-trier.de/db/conf/group/,人机交互与普适计算,推荐国际学术会议,B类,
IUI,ACM International Conference on Intelligent User Interfaces,2019,ACM,http://dblp.uni-trier.de/db/conf/iui/,人机交互与普适计算,推荐国际学术会议,B类,
ITS,ACM International Conference on Interactive Tabletops and Surfaces,2019,ACM,http://dblp.uni-trier.de/db/conf/tabletop/,人机交互与普适计算,推荐国际学术会议,B类,
UIST,ACM Symposium on User Interface Software and Technology,2019,ACM,http://dblp.uni-trier.de/db/conf/uist/,人机交互与普适计算,推荐国际学术会议,B类,
ECSCW,European Conference on Computer Supported Cooperative Work,2019,Springer,http://dblp.uni-trier.de/db/conf/ecscw/,人机交互与普适计算,推荐国际学术会议,B类,
PERCOM,IEEE International Conference on Pervasive Computing and Communications,2019,IEEE,http://dblp.uni-trier.de/db/conf/percom/,人机交互与普适计算,推荐国际学术会议,B类,
MobileHCI,International Conference on Human Computer Interaction with Mobile Devices and Services,2019,ACM,http://dblp.uni-trier.de/db/conf/mhci/,人机交互与普适计算,推荐国际学术会议,B类,
DIS,ACM Conference on Designing Interactive Systems,2019,ACM,http://dblp.uni-trier.de/db/conf/ACMdis/,人机交互与普适计算,推荐国际学术会议,C类,
ICMI,ACM International Conference on Multimodal Interaction,2019,ACM,http://dblp.uni-trier.de/db/conf/icmi/,人机交互与普适计算,推荐国际学术会议,C类,
ASSETS,ACM SIGACCESS Conference on Computers and Accessibility,2019,ACM,http://dblp.uni-trier.de/db/conf/assets,人机交互与普适计算,推荐国际学术会议,C类,
GI,Graphics Interface conference,2019,ACM,http://dblp.uni-trier.de/db/conf/graphicsinterface/,人机交互与普适计算,推荐国际学术会议,C类,
UIC,IEEE International Conference on Ubiquitous Intelligence and Computing,2019,IEEE,http://dblp.uni-trier.de/db/conf/uic/,人机交互与普适计算,推荐国际学术会议,C类,
,IEEE World Haptics Conference,2019,IEEE,http://dblp.uni-trier.de/db/conf/haptics/,人机交互与普适计算,推荐国际学术会议,C类,
INTERACT,IFIP TC13 Conference on Human-Computer Interaction,2019,IFIP,http://dblp.uni-trier.de/db/conf/interact/,人机交互与普适计算,推荐国际学术会议,C类,
IDC,Interaction Design and Children,2019,ACM,http://dblp.uni-trier.de/db/conf/acmidc/,人机交互与普适计算,推荐国际学术会议,C类,
CollaborateCom,"International Conference on Collaborative Computing: Networking, Applications and Worksharing",2019,Springer,http://collaboratecom.org,人机交互与普适计算,推荐国际学术会议,C类,
CSCWD,International Conference on Computer Supported Cooperative Work in Design,2019,Springer,http://dblp.uni-trier.de/db/conf/cscwd/,人机交互与普适计算,推荐国际学术会议,C类,
CoopIS,International Conference on Cooperative Information Systems,2019,Springer,http://dblp.uni-trier.de/db/conf/coopis/,人机交互与普适计算,推荐国际学术会议,C类,
MobiQuitous,"International Conference on Mobile and Ubiquitous Systems: Computing,Networking and Services",2019,Springer,http://dblp.uni-trier.de/db/conf/mobiquitous/,人机交互与普适计算,推荐国际学术会议,C类,
AVI,International Working Conference on Advanced Visual Interfaces,2019,ACM,http://dblp.uni-trier.de/db/conf/avi/,人机交互与普适计算,推荐国际学术会议,C类,
TODS,ACM Transactions on Database Systems,2019,ACM,http://dblp.uni-trier.de/db/journals/tods/,数据库/数据挖掘/内容检索,推荐国际学术刊物,A类,
TOIS,ACM Transactions on Information Systems,2019,ACM,http://dblp.uni-trier.de/db/journals/tois/,数据库/数据挖掘/内容检索,推荐国际学术刊物,A类,
TKDE,IEEE Transactions on Knowledge and Data Engineering,2019,IEEE,http://dblp.uni-trier.de/db/journals/tkde/,数据库/数据挖掘/内容检索,推荐国际学术刊物,A类,
VLDBJ,VLDB Journal,2019,Springer,http://dblp.uni-trier.de/db/journals/vldb/,数据库/数据挖掘/内容检索,推荐国际学术刊物,A类,
TKDD,ACM Transactions on Knowledge Discovery from Data,2019,ACM,http://dblp.uni-trier.de/db/journals/tkdd/,数据库/数据挖掘/内容检索,推荐国际学术刊物,B类,
TWEB,ACM Transactions on the Web,2019,ACM,http://dblp.uni-trier.de/db/journals/tweb/,数据库/数据挖掘/内容检索,推荐国际学术刊物,B类,
AEI,Advanced Engineering Informatics,2019,Elsevier,http://dblp.uni-trier.de/db/journals/aei/,数据库/数据挖掘/内容检索,推荐国际学术刊物,B类,
DKE,Data and Knowledge Engineering,2019,Elsevier,http://dblp.uni-trier.de/db/journals/dke/,数据库/数据挖掘/内容检索,推荐国际学术刊物,B类,
DMKD,Data Mining and Knowledge Discovery,2019,Springer,http://dblp.uni-trier.de/db/journals/datamine/,数据库/数据挖掘/内容检索,推荐国际学术刊物,B类,
EJIS,European Journal of Information Systems,2019,The OR Society,http://dblp.uni-trier.de/db/journals/ejis/,数据库/数据挖掘/内容检索,推荐国际学术刊物,B类,
,GeoInformatica,2019,Springer,http://dblp.uni-trier.de/db/journals/geoinformatica/,数据库/数据挖掘/内容检索,推荐国际学术刊物,B类,
IPM,Information Processing & Management,2019,Elsevier,http://dblp.uni-trier.de/db/journals/ipm/,数据库/数据挖掘/内容检索,推荐国际学术刊物,B类,
,Information Sciences,2019,Elsevier,http://dblp.uni-trier.de/db/journals/isci/,数据库/数据挖掘/内容检索,推荐国际学术刊物,B类,
IS,Information Systems,2019,Elsevier,http://dblp.uni-trier.de/db/journals/is/,数据库/数据挖掘/内容检索,推荐国际学术刊物,B类,
JASIST,Journal of the American Society for Information Science and Technology,2019,American Society for Information Science and Technology,http://dblp.uni-trier.de/db/journals/jasis/,数据库/数据挖掘/内容检索,推荐国际学术刊物,B类,Journal of the Association for Information Science and Technology
JWS,Journal of Web Semantics,2019,Elsevier,http://dblp.uni-trier.de/db/journals/ws/,数据库/数据挖掘/内容检索,推荐国际学术刊物,B类,
KAIS,Knowledge and Information Systems,2019,Springer,http://dblp.uni-trier.de/db/journals/kais/,数据库/数据挖掘/内容检索,推荐国际学术刊物,B类,
DPD,Distributed and Parallel Databases,2019,Springer,http://dblp.uni-trier.de/db/journals/dpd/,数据库/数据挖掘/内容检索,推荐国际学术刊物,C类,
I&M,Information & Management,2019,Elsevier,http://dblp.uni-trier.de/db/journals/iam/,数据库/数据挖掘/内容检索,推荐国际学术刊物,C类,
IPL,Information Processing Letters,2019,Elsevier,http://dblp.uni-trier.de/db/journals/ipl/,数据库/数据挖掘/内容检索,推荐国际学术刊物,C类,
IR,Information Retrieval Journal,2019,Springer,http://dblp.uni-trier.de/db/journals/ir/,数据库/数据挖掘/内容检索,推荐国际学术刊物,C类,
IJCIS,International Journal of Cooperative Information Systems,2019,World Scientific,http://dblp.uni-trier.de/db/journals/ijcis/,数据库/数据挖掘/内容检索,推荐国际学术刊物,C类,
IJGIS,International Journal of Geographical Information Science,2019,Taylor & Francis,http://dblp.uni-trier.de/db/journals/gis/,数据库/数据挖掘/内容检索,推荐国际学术刊物,C类,
IJIS,International Journal of Intelligent Systems,2019,Wiley,http://dblp.uni-trier.de/db/journals/ijis/,数据库/数据挖掘/内容检索,推荐国际学术刊物,C类,
IJKM,International Journal of Knowledge Management,2019,IGI,http://dblp.uni-trier.de/db/journals/ijkm/,数据库/数据挖掘/内容检索,推荐国际学术刊物,C类,
IJSWIS,International Journal on Semantic Web and Information Systems,2019,IGI,http://dblp.uni-trier.de/db/journals/ijswis/,数据库/数据挖掘/内容检索,推荐国际学术刊物,C类,
JCIS,Journal of Computer Information Systems,2019,IACIS,http://dblp.uni-trier.de/db/journals/jcis/,数据库/数据挖掘/内容检索,推荐国际学术刊物,C类,
JDM,Journal of Database Management,2019,IGI-Global,http://dblp.uni-trier.de/db/journals/jdm/,数据库/数据挖掘/内容检索,推荐国际学术刊物,C类,
JGITM,Journal of Global Information Technology Management,2019,Ivy League Publishing,http://www.tandfonline.com/loi/ugit20#.Vnv35pN97rI,数据库/数据挖掘/内容检索,推荐国际学术刊物,C类,
JIIS,Journal of Intelligent Information Systems,2019,Springer,http://dblp.uni-trier.de/db/journals/jiis/,数据库/数据挖掘/内容检索,推荐国际学术刊物,C类,
JSIS,Journal of Strategic Information Systems,2019,Elsevier,http://dblp.uni-trier.de/db/journals/jsis/,数据库/数据挖掘/内容检索,推荐国际学术刊物,C类,
SIGMOD,ACM Conference on Management of Data,2019,ACM,http://dblp.uni-trier.de/db/conf/sigmod/,数据库/数据挖掘/内容检索,推荐国际学术会议,A类,
SIGKDD,ACM Knowledge Discovery and Data Mining,2019,ACM,http://dblp.uni-trier.de/db/conf/kdd/,数据库/数据挖掘/内容检索,推荐国际学术会议,A类,
ICDE,IEEE International Conference on Data Engineering,2019,IEEE,http://dblp.uni-trier.de/db/conf/icde/,数据库/数据挖掘/内容检索,推荐国际学术会议,A类,
SIGIR,International Conference on Research on Development in Information Retrieval,2019,ACM,http://dblp.uni-trier.de/db/conf/sigir/,数据库/数据挖掘/内容检索,推荐国际学术会议,A类,
VLDB,International Conference on Very Large Data Bases,2019,Morgan Kaufmann,http://dblp.uni-trier.de/db/conf/vldb/,数据库/数据挖掘/内容检索,推荐国际学术会议,A类,
CIKM,ACM International Conference on Information and Knowledge Management,2019,ACM,http://dblp.uni-trier.de/db/conf/cikm/,数据库/数据挖掘/内容检索,推荐国际学术会议,B类,
WSDM,ACM International Conference on Web Search and Data Mining,2019,ACM,http://dblp.uni-trier.de/db/conf/wsdm/,数据库/数据挖掘/内容检索,推荐国际学术会议,B类,
PODS,ACM Symposium on Principles of Database Systems,2019,ACM,http://dblp.uni-trier.de/db/conf/pods/,数据库/数据挖掘/内容检索,推荐国际学术会议,B类,
DASFAA,Database Systems for Advanced Applications,2019,Springer,http://dblp.uni-trier.de/db/conf/dasfaa/,数据库/数据挖掘/内容检索,推荐国际学术会议,B类,
ECML-PKDD,European Conference on Machine Learning and Principles and Practice of Knowledge Discovery in Databases,2019,Springer,http://dblp.uni-trier.de/db/conf/ecml/,数据库/数据挖掘/内容检索,推荐国际学术会议,B类,
ISWC,IEEE International Semantic Web Conference,2019,IEEE,http://dblp.uni-trier.de/db/conf/semweb/,数据库/数据挖掘/内容检索,推荐国际学术会议,B类,
ICDM,International Conference on Data Mining,2019,IEEE,http://dblp.uni-trier.de/db/conf/icdm/,数据库/数据挖掘/内容检索,推荐国际学术会议,B类,
ICDT,International Conference on Database Theory,2019,Springer,http://dblp.uni-trier.de/db/conf/icdt/,数据库/数据挖掘/内容检索,推荐国际学术会议,B类,
EDBT,International Conference on Extending DB Technology,2019,Springer,http://dblp.uni-trier.de/db/conf/edbt/,数据库/数据挖掘/内容检索,推荐国际学术会议,B类,
CIDR,International Conference on Innovative Data Systems Research,2019,Online Proceeding,http://dblp.uni-trier.de/db/conf/cidr/,数据库/数据挖掘/内容检索,推荐国际学术会议,B类,
SDM,SIAM International Conference on Data Mining,2019,SIAM,http://dblp.uni-trier.de/db/conf/sdm/,数据库/数据挖掘/内容检索,推荐国际学术会议,B类,
APWeb,Asia Pacific Web Conference,2019,Springer,http://dblp.uni-trier.de/db/conf/apweb/,数据库/数据挖掘/内容检索,推荐国际学术会议,C类,
DEXA,Database and Expert System Applications,2019,Springer,http://dblp.uni-trier.de/db/conf/dexa/,数据库/数据挖掘/内容检索,推荐国际学术会议,C类,
ECIR,European Conference on IR Research,2019,Springer,http://dblp.uni-trier.de/db/conf/ecir/,数据库/数据挖掘/内容检索,推荐国际学术会议,C类,
ESWC,Extended Semantic Web Conference,2019,Elsevier,http://dblp.uni-trier.de/db/conf/esws/,数据库/数据挖掘/内容检索,推荐国际学术会议,C类,
WebDB,International ACM Workshop on Web and Databases,2019,ACM,http://dblp.uni-trier.de/db/conf/webdb/,数据库/数据挖掘/内容检索,推荐国际学术会议,C类,
ER,International Conference on Conceptual Modeling,2019,Springer,http://dblp.uni-trier.de/db/conf/er/,数据库/数据挖掘/内容检索,推荐国际学术会议,C类,
MDM,International Conference on Mobile Data Management,2019,IEEE,http://dblp.uni-trier.de/db/conf/mdm/,数据库/数据挖掘/内容检索,推荐国际学术会议,C类,
SSDBM,International Conference on Scientific and Statistical DB Management,2019,IEEE,http://dblp.uni-trier.de/db/conf/ssdbm/,数据库/数据挖掘/内容检索,推荐国际学术会议,C类,
WAIM,International Conference on Web Age Information Management,2019,Springer,http://dblp.uni-trier.de/db/conf/waim/,数据库/数据挖掘/内容检索,推荐国际学术会议,C类,
SSTD,International Symposium on Spatial and Temporal Databases,2019,Springer,http://dblp.uni-trier.de/db/conf/ssd/,数据库/数据挖掘/内容检索,推荐国际学术会议,C类,
PAKDD,Pacific-Asia Conference on Knowledge Discovery and Data Mining,2019,Springer,http://dblp.uni-trier.de/db/conf/pakdd/,数据库/数据挖掘/内容检索,推荐国际学术会议,C类,
WISE,Web Information Systems Engineering,2019,Springer,http://dblp.uni-trier.de/db/conf/wise/,数据库/数据挖掘/内容检索,推荐国际学术会议,C类,
TIT,IEEE Transactions on Information Theory,2019,IEEE,http://dblp.uni-trier.de/db/journals/tit/,计算机科学理论,推荐国际学术刊物,A类,
IANDC,Information and Computation,2019,Elsevier,http://dblp.uni-trier.de/db/journals/iandc/,计算机科学理论,推荐国际学术刊物,A类,
SICOMP,SIAM Journal on Computing,2019,SIAM,http://dblp.uni-trier.de/db/journals/siamcomp/,计算机科学理论,推荐国际学术刊物,A类,
TALG,ACM Transactions on Algorithms,2019,ACM,http://dblp.uni-trier.de/db/journals/talg/,计算机科学理论,推荐国际学术刊物,B类,
TOCL,ACM Transactions on Computational Logic,2019,ACM,http://dblp.uni-trier.de/db/journals/tocl/,计算机科学理论,推荐国际学术刊物,B类,
TOMS,ACM Transactions on Mathematical Software,2019,ACM,http://dblp.uni-trier.de/db/journals/toms/,计算机科学理论,推荐国际学术刊物,B类,
Algorithmica,Algorithmica,2019,Springer,http://dblp.uni-trier.de/db/journals/algorithmica/,计算机科学理论,推荐国际学术刊物,B类,
CC,Computational complexity,2019,Springer,http://dblp.uni-trier.de/db/journals/cc/,计算机科学理论,推荐国际学术刊物,B类,
FAC,Formal Aspects of Computing,2019,Springer,http://dblp.uni-trier.de/db/journals/fac/,计算机科学理论,推荐国际学术刊物,B类,
FMSD,Formal Methods in System Design,2019,Springer,http://dblp.uni-trier.de/db/journals/fmsd/,计算机科学理论,推荐国际学术刊物,B类,
INFORMS,INFORMS Journal on Computing,2019,INFORMS,http://dblp.uni-trier.de/db/journals/informs/,计算机科学理论,推荐国际学术刊物,B类,
JCSS,Journal of Computer and System Sciences,2019,Elsevier,http://dblp.uni-trier.de/db/journals/jcss/,计算机科学理论,推荐国际学术刊物,B类,
JGO,Journal of Global Optimization,2019,Springer,http://dblp.uni-trier.de/db/journals/jgo/,计算机科学理论,推荐国际学术刊物,B类,
JSC,Journal of Symbolic Computation,2019,Elsevier,http://dblp.uni-trier.de/db/journals/jsc/,计算机科学理论,推荐国际学术刊物,B类,
MSCS,Mathematical Structures in Computer Science,2019,Cambridge University Press,http://dblp.uni-trier.de/db/journals/mscs/,计算机科学理论,推荐国际学术刊物,B类,
TCS,Theoretical Computer Science,2019,Elsevier,http://dblp.uni-trier.de/db/journals/tcs/,计算机科学理论,推荐国际学术刊物,B类,
ACTA,Acta Informatica,2019,Springer,http://dblp.uni-trier.de/db/journals/acta/,计算机科学理论,推荐国际学术刊物,C类,
APAL,Annals of Pure and Applied Logic,2019,Elsevier,http://dblp.uni-trier.de/db/journals/apal/,计算机科学理论,推荐国际学术刊物,C类,
DAM,Discrete Applied Mathematics,2019,Elsevier,http://dblp.uni-trier.de/db/journals/dam/,计算机科学理论,推荐国际学术刊物,C类,
FUIN,Fundamenta Informaticae,2019,IOS Press,http://dblp.uni-trier.de/db/journals/fuin/,计算机科学理论,推荐国际学术刊物,C类,
LISP,Higher-Order and Symbolic Computation,2019,Springer,http://dblp.uni-trier.de/db/journals/lisp/,计算机科学理论,推荐国际学术刊物,C类,已停刊
IPL,Information Processing Letters,2019,Elsevier,http://dblp.uni-trier.de/db/journals/ipl/,计算机科学理论,推荐国际学术刊物,C类,
JCOMPLEXITY,Journal of Complexity,2019,Elsevier,http://dblp.uni-trier.de/db/journals/jc/,计算机科学理论,推荐国际学术刊物,C类,
LOGCOM,Journal of Logic and Computation,2019,Oxford University Press,http://dblp.uni-trier.de/db/journals/logcom/,计算机科学理论,推荐国际学术刊物,C类,
JSL,Journal of Symbolic Logic,2019,Association for Symbolic Logic,http://dblp.uni-trier.de/db/journals/jsyml/,计算机科学理论,推荐国际学术刊物,C类,
LMCS,Logical Methods in Computer Science,2019,LMCS,http://dblp.uni-trier.de/db/journals/lmcs/,计算机科学理论,推荐国际学术刊物,C类,
SIDMA,SIAM Journal on Discrete Mathematics,2019,SIAM,http://dblp.uni-trier.de/db/journals/siamdm/,计算机科学理论,推荐国际学术刊物,C类,
,Theory of Computing Systems,2019,Springer,http://dblp.uni-trier.de/db/journals/mst/,计算机科学理论,推荐国际学术刊物,C类,
STOC,ACM Symposium on Theory of Computing,2019,ACM,http://dblp.uni-trier.de/db/conf/stoc/,计算机科学理论,推荐国际学术会议,A类,
SODA,ACM-SIAM Symposium on Discrete Algorithms,2019,SIAM,http://dblp.uni-trier.de/db/conf/soda/,计算机科学理论,推荐国际学术会议,A类,
CAV,Computer Aided Verification,2019,Springer,http://dblp.uni-trier.de/db/conf/cav/,计算机科学理论,推荐国际学术会议,A类,
FOCS,IEEE Annual Symposium on Foundations of Computer Science,2019,IEEE,http://dblp.uni-trier.de/db/conf/focs/,计算机科学理论,推荐国际学术会议,A类,
LICS,IEEE Symposium on Logic in Computer Science,2019,IEEE,http://dblp.uni-trier.de/db/conf/lics/,计算机科学理论,推荐国际学术会议,A类,
SoCG,ACM Symposium on Computational Geometry,2019,ACM,http://dblp.uni-trier.de/db/conf/compgeom/,计算机科学理论,推荐国际学术会议,B类,
ESA,European Symposium on Algorithms,2019,Springer,http://dblp.uni-trier.de/db/conf/esa/,计算机科学理论,推荐国际学术会议,B类,
CCC,IEEE Conference on Computational Complexity,2019,IEEE,http://dblp.uni-trier.de/db/conf/coco/,计算机科学理论,推荐国际学术会议,B类,
ICALP,"International Colloquium on Automata, Languages and Programming",2019,Springer,http://dblp.uni-trier.de/db/conf/icalp/,计算机科学理论,推荐国际学术会议,B类,
CADE/IJCAR,International Conference on Automated Deduction/International Joint Conference on Automated Reasoning,2019,Springer,http://dblp.uni-trier.de/db/conf/cade/,计算机科学理论,推荐国际学术会议,B类,
CONCUR,International Conference on Concurrency Theory,2019,Springer,http://dblp.uni-trier.de/db/conf/concur/,计算机科学理论,推荐国际学术会议,B类,
HSCC,International Conference on Hybrid Systems: Computation and Control,2019,Springer and ACM,http://dblp.uni-trier.de/db/conf/hybrid/,计算机科学理论,推荐国际学术会议,B类,
SAT,Theory and Applications of Satisfiability Testing,2019,Springer,http://dblp.uni-trier.de/db/conf/sat/,计算机科学理论,推荐国际学术会议,B类,
CSL,Computer Science Logic,2019,Springer,http://dblp.uni-trier.de/db/conf/csl/,计算机科学理论,推荐国际学术会议,C类,
FMCAD,Formal Method in Computer-Aided Design,2019,ACM,http://dblp.uni-trier.de/db/conf/fmcad/,计算机科学理论,推荐国际学术会议,C类,
FSTTCS,Foundations of Software Technology and Theoretical Computer Science,2019,Indian Association for Research in Computing Science,http://dblp.uni-trier.de/db/conf/fsttcs/,计算机科学理论,推荐国际学术会议,C类,
DSAA,IEEE International Conference on Data Science and Advanced Analytics,2019,IEEE,https://dblp.uni-trier.de/db/conf/dsaa/,计算机科学理论,推荐国际学术会议,C类,
ICTAC,International Colloquium on Theoretical Aspects of Computing,2019,Springer,http://dblp.uni-trier.de/db/conf/ictac/,计算机科学理论,推荐国际学术会议,C类,
IPCO,International Conference on Integer Programming and Combinatorial Optimization,2019,Springer,http://dblp.uni-trier.de/db/conf/ipco/,计算机科学理论,推荐国际学术会议,C类,
RTA,International Conference on Rewriting Techniques and Applications,2019,Springer,http://dblp.uni-trier.de/db/conf/rta/,计算机科学理论,推荐国际学术会议,C类,
ISAAC,International Symposium on Algorithms and Computation,2019,Springer,http://dblp.uni-trier.de/db/conf/isaac/,计算机科学理论,推荐国际学术会议,C类,
MFCS,Mathematical Foundations of Computer Science,2019,Springer,http://dblp.uni-trier.de/db/conf/mfcs/,计算机科学理论,推荐国际学术会议,C类,
STACS,Symposium on Theoretical Aspects of Computer Science,2019,Springer,http://dblp.uni-trier.de/db/conf/stacs/,计算机科学理论,推荐国际学术会议,C类,
TOCS,ACM Transactions on Computer Systems,2019,ACM,http://dblp.uni-trier.de/db/journals/tocs/,计算机体系结构/并行与分布计算/存储系统,推荐国际学术刊物,A类,
TOS,ACM Transactions on Storage,2019,ACM,http://dblp.uni-trier.de/db/journals/tos/,计算机体系结构/并行与分布计算/存储系统,推荐国际学术刊物,A类,
TCAD,IEEE Transactions On Computer-Aided Design Of Integrated Circuits And Systems,2019,IEEE,http://dblp.uni-trier.de/db/journals/tcad/,计算机体系结构/并行与分布计算/存储系统,推荐国际学术刊物,A类,
TC,IEEE Transactions on Computers,2019,IEEE,http://dblp.uni-trier.de/db/journals/tc/index.html,计算机体系结构/并行与分布计算/存储系统,推荐国际学术刊物,A类,
TPDS,IEEE Transactions on Parallel and Distributed Systems,2019,IEEE,http://dblp.uni-trier.de/db/journals/tpds/,计算机体系结构/并行与分布计算/存储系统,推荐国际学术刊物,A类,
TACO,ACM Transactions on Architecture and Code Optimization,2019,ACM,http://dblp.uni-trier.de/db/journals/taco/,计算机体系结构/并行与分布计算/存储系统,推荐国际学术刊物,B类,
TAAS,ACM Transactions on Autonomous and Adaptive Systems,2019,ACM,http://dblp.uni-trier.de/db/journals/taas/,计算机体系结构/并行与分布计算/存储系统,推荐国际学术刊物,B类,
TODAES,ACM Transactions on Design Automation of Electronic Systems,2019,ACM,http://dblp.uni-trier.de/db/journals/todaes/,计算机体系结构/并行与分布计算/存储系统,推荐国际学术刊物,B类,
TECS,ACM Transactions on Embedded Computing Systems,2019,ACM,http://dblp.uni-trier.de/db/journals/tecs/,计算机体系结构/并行与分布计算/存储系统,推荐国际学术刊物,B类,
TRETS,ACM Transactions on Reconfigurable Technology and Systems,2019,ACM,http://dblp.uni-trier.de/db/journals/trets/,计算机体系结构/并行与分布计算/存储系统,推荐国际学术刊物,B类,
TVLSI,IEEE Transactions on Very Large Scale Integration (VLSI) Systems,2019,IEEE,http://dblp.uni-trier.de/db/journals/tvlsi/,计算机体系结构/并行与分布计算/存储系统,推荐国际学术刊物,B类,
JPDC,Journal of Parallel and Distributed Computing,2019,Elsevier,http://dblp.uni-trier.de/db/journals/jpdc/,计算机体系结构/并行与分布计算/存储系统,推荐国际学术刊物,B类,
JSA,Journal of Systems Architecture,2019,Elsevier,http://dblp.uni-trier.de/db/journals/jsa/,计算机体系结构/并行与分布计算/存储系统,推荐国际学术刊物,B类,
PARCO,Parallel Computing,2019,Elsevier,http://dblp.uni-trier.de/db/conf/parco/,计算机体系结构/并行与分布计算/存储系统,推荐国际学术刊物,B类,
,Performance Evaluation,2019,Elsevier,http://www.journals.elsevier.com/performance-evaluation/,计算机体系结构/并行与分布计算/存储系统,推荐国际学术刊物,B类,
JETC,ACM Journal on Emerging Technologies in Computing Systems,2019,ACM,http://dblp.uni-trier.de/db/journals/jetc/,计算机体系结构/并行与分布计算/存储系统,推荐国际学术刊物,C类,
,Concurrency and Computation-Practice & Experience,2019,Wiley,http://dblp.uni-trier.de/db/journals/concurrency/,计算机体系结构/并行与分布计算/存储系统,推荐国际学术刊物,C类,
DC,Distributed Computing,2019,Springer,http://dblp.uni-trier.de/db/journals/dc/,计算机体系结构/并行与分布计算/存储系统,推荐国际学术刊物,C类,
FGCS,Future Generation Computer Systems-The International Journal of eScience,2019,Elsevier,http://dblp.uni-trier.de/db/journals/fgcs/,计算机体系结构/并行与分布计算/存储系统,推荐国际学术刊物,C类,
TCC,IEEE Transactions on Cloud Computing,2019,IEEE,https://dblp.uni-trier.de/db/journals/tcc/,计算机体系结构/并行与分布计算/存储系统,推荐国际学术刊物,C类,
Integration,Integration-the VLSI Journal,2019,Elsevier,http://dblp.uni-trier.de/db/journals/integration/,计算机体系结构/并行与分布计算/存储系统,推荐国际学术刊物,C类,
JETTA,Journal of Electronic Testing-Theory and Applications,2019,Springer,http://link.springer.com/journal/10836,计算机体系结构/并行与分布计算/存储系统,推荐国际学术刊物,C类,
JGC,Journal of Grid computing,2019,Springer,http://link.springer.com/journal/10723,计算机体系结构/并行与分布计算/存储系统,推荐国际学术刊物,C类,
MICPRO,Microprocessors and Microsystems,2019,Elsevier,http://dblp.uni-trier.de/db/journals/mam/,计算机体系结构/并行与分布计算/存储系统,推荐国际学术刊物,C类,
RTS,Real-Time Systems,2019,Springer,http://dblp.uni-trier.de/db/journals/rts/,计算机体系结构/并行与分布计算/存储系统,推荐国际学术刊物,C类,
TJSC,Journal of Supercomputing,2019,Springer,http://dblp.uni-trier.de/db/journals/tjs/,计算机体系结构/并行与分布计算/存储系统,推荐国际学术刊物,C类,
PPoPP,ACM SIGPLAN Symposium on Principles & Practice of Parallel Programming,2019,ACM,http://dblp.uni-trier.de/db/conf/ppopp/,计算机体系结构/并行与分布计算/存储系统,推荐国际学术会议,A类,
FAST,Conference on File and Storage Technologies,2019,USENIX,http://dblp.uni-trier.de/db/conf/fast/,计算机体系结构/并行与分布计算/存储系统,推荐国际学术会议,A类,
DAC,Design Automation Conference,2019,ACM,https://dblp.uni-trier.de/db/conf/dac/,计算机体系结构/并行与分布计算/存储系统,推荐国际学术会议,A类,
HPCA,High-Performance Computer Architecture,2019,IEEE,http://dblp.uni-trier.de/db/conf/cnhpca/,计算机体系结构/并行与分布计算/存储系统,推荐国际学术会议,A类,
MICRO,IEEE/ACM International Symposium on Microarchitecture,2019,IEEE/ACM,http://dblp.uni-trier.de/db/journals/micro/,计算机体系结构/并行与分布计算/存储系统,推荐国际学术会议,A类,
SC,"International Conference for High Performance Computing, Networking, Storage, and Analysis",2019,IEEE,http://dblp.uni-trier.de/db/conf/sc/,计算机体系结构/并行与分布计算/存储系统,推荐国际学术会议,A类,
ASPLOS,International Conference on Architectural Support for Programming Languages and Operating Systems,2019,ACM,http://dblp.uni-trier.de/db/conf/asplos/,计算机体系结构/并行与分布计算/存储系统,推荐国际学术会议,A类,
ISCA,International Symposium on Computer Architecture,2019,ACM /IEEE,http://dblp.uni-trier.de/db/conf/isca/,计算机体系结构/并行与分布计算/存储系统,推荐国际学术会议,A类,
USENIX ATC,USENIX Annul Technical Conference,2019,USENIX,http://dblp.uni-trier.de/db/conf/usenix/index.html,计算机体系结构/并行与分布计算/存储系统,推荐国际学术会议,A类,
SOCC,ACM Symposium on Cloud Computing,2019,ACM,http://dblp.uni-trier.de/db/conf/cloud/,计算机体系结构/并行与分布计算/存储系统,推荐国际学术会议,B类,
SPAA,ACM Symposium on Parallelism in Algorithms and Architectures,2019,ACM,http://dblp.uni-trier.de/db/conf/spaa/,计算机体系结构/并行与分布计算/存储系统,推荐国际学术会议,B类,
PODC,ACM Symposium on Principles of Distributed Computing,2019,ACM,http://dblp.uni-trier.de/db/conf/podc/,计算机体系结构/并行与分布计算/存储系统,推荐国际学术会议,B类,
FPGA,ACM/SIGDA International Symposium on Field-Programmable Gate Arrays,2019,ACM,http://dblp.uni-trier.de/db/conf/fpga/,计算机体系结构/并行与分布计算/存储系统,推荐国际学术会议,B类,
CGO,Code Generation and Optimization,2019,IEEE/ACM,http://dblp.uni-trier.de/db/conf/cgo/,计算机体系结构/并行与分布计算/存储系统,推荐国际学术会议,B类,
DATE,"Design, Automation & Test in Europe",2019,IEEE/ACM,http://dblp.uni-trier.de/db/conf/date/,计算机体系结构/并行与分布计算/存储系统,推荐国际学术会议,B类,
EuroSys,European Conference on Computer Systems,2019,ACM,http://dblp.uni-trier.de/db/conf/eurosys/,计算机体系结构/并行与分布计算/存储系统,推荐国际学术会议,B类,
HOT CHIPS,ACM Symposium on High Performance Chips,2019,IEEE,http://www.hotchips.org/,计算机体系结构/并行与分布计算/存储系统,推荐国际学术会议,B类,
CLUSTER,IEEE International Conference on Cluster Computing,2019,IEEE,https://dblp.uni-trier.de/db/conf/cluster/,计算机体系结构/并行与分布计算/存储系统,推荐国际学术会议,B类,
ICCD,International Conference on Computer Design,2019,IEEE,http://dblp.uni-trier.de/db/conf/iccd/,计算机体系结构/并行与分布计算/存储系统,推荐国际学术会议,B类,
ICCAD,International Conference on Computer-Aided Design,2019,IEEE/ACM,http://dblp.uni-trier.de/db/conf/iccad/,计算机体系结构/并行与分布计算/存储系统,推荐国际学术会议,B类,
ICDCS,International Conference on Distributed Computing Systems,2019,IEEE,http://dblp.uni-trier.de/db/conf/icdcs/,计算机体系结构/并行与分布计算/存储系统,推荐国际学术会议,B类,
CODES+ISSS,International Conference on Hardware/Software Co-design and System Synthesis,2019,ACM/ IEEE,http://dblp.uni-trier.de/db/conf/codes/index.html,计算机体系结构/并行与分布计算/存储系统,推荐国际学术会议,B类,
HiPEAC,International Conference on High Performance and Embedded Architectures and Compilers,2019,ACM,http://dblp.uni-trier.de/db/conf/hipeac/,计算机体系结构/并行与分布计算/存储系统,推荐国际学术会议,B类,
SIGMETRICS,International Conference on Measurement and Modeling of Computer Systems,2019,ACM,http://dblp.uni-trier.de/db/conf/sigmetrics/,计算机体系结构/并行与分布计算/存储系统,推荐国际学术会议,B类,
PACT,International Conference on Parallel Architectures and Compilation Techniques,2019,IEEE/ACM,http://dblp.uni-trier.de/db/conf/IEEEpact/,计算机体系结构/并行与分布计算/存储系统,推荐国际学术会议,B类,
ICPP,International Conference on Parallel Processing,2019,,http://dblp.uni-trier.de/db/conf/icpp/,计算机体系结构/并行与分布计算/存储系统,推荐国际学术会议,B类,
ICS,International Conference on Supercomputing,2019,ACM,http://dblp.uni-trier.de/db/conf/ics/,计算机体系结构/并行与分布计算/存储系统,推荐国际学术会议,B类,
VEE,International Conference on Virtual Execution Environments,2019,ACM,http://dblp.uni-trier.de/db/conf/vee/,计算机体系结构/并行与分布计算/存储系统,推荐国际学术会议,B类,
IPDPS,International Parallel & Distributed Processing Symposium,2019,IEEE,http://dblp.uni-trier.de/db/conf/ipps/,计算机体系结构/并行与分布计算/存储系统,推荐国际学术会议,B类,
Performance,"International Symposium on Computer Performance, Modeling, Measurements and Evaluation",2019,ACM,http://dblp.uni-trier.de/db/conf/performance/,计算机体系结构/并行与分布计算/存储系统,推荐国际学术会议,B类,
HPDC,International Symposium on High Performance Distributed Computing,2019,IEEE,http://dblp.uni-trier.de/db/conf/hpdc/,计算机体系结构/并行与分布计算/存储系统,推荐国际学术会议,B类,
ITC,International Test Conference,2019,IEEE,http://dblp.uni-trier.de/db/conf/itc/,计算机体系结构/并行与分布计算/存储系统,推荐国际学术会议,B类,
LISA,Large Installation system Administration Conference,2019,USENIX,http://dblp.uni-trier.de/db/conf/lisa/,计算机体系结构/并行与分布计算/存储系统,推荐国际学术会议,B类,
MSST,Mass Storage Systems and Technologies,2019,IEEE,http://dblp.uni-trier.de/db/conf/mss/,计算机体系结构/并行与分布计算/存储系统,推荐国际学术会议,B类,
RTAS,Real-Time and Embedded Technology and Applications Symposium,2019,IEEE,http://dblp.uni-trier.de/db/conf/rtas/,计算机体系结构/并行与分布计算/存储系统,推荐国际学术会议,B类,
CF,ACM International Conference on Computing Frontiers,2019,ACM,http://dblp.uni-trier.de/db/conf/cf,计算机体系结构/并行与分布计算/存储系统,推荐国际学术会议,C类,
SYSTOR,ACM International Systems and Storage Conference,2019,ACM,http://dblp.uni-trier.de/db/conf/systor/index.html,计算机体系结构/并行与分布计算/存储系统,推荐国际学术会议,C类,
NOCS,ACM/IEEE International Symposium on Networks-on-Chip,2019,ACM/IEEE,http://dblp.uni-trier.de/db/conf/nocs,计算机体系结构/并行与分布计算/存储系统,推荐国际学术会议,C类,
ASAP,"Application-Specific Systems, Architectures, and Processors",2019,IEEE,http://dblp.uni-trier.de/db/conf/asap,计算机体系结构/并行与分布计算/存储系统,推荐国际学术会议,C类,
ASP-DAC,Asia and South Pacific Design Automation Conference,2019,ACM/IEEE,http://dblp.uni-trier.de/db/conf/aspdac,计算机体系结构/并行与分布计算/存储系统,推荐国际学术会议,C类,
Euro-Par,European Conference on Parallel and Distributed Computing,2019,Springer,http://dblp.uni-trier.de/db/conf/europar/,计算机体系结构/并行与分布计算/存储系统,推荐国际学术会议,C类,
ETS,European Test Symposium,2019,IEEE,http://dblp.uni-trier.de/db/conf/ets/,计算机体系结构/并行与分布计算/存储系统,推荐国际学术会议,C类,
FPL,Field Programmable Logic and Applications,2019,IEEE,http://dblp.uni-trier.de/db/conf/fpl/,计算机体系结构/并行与分布计算/存储系统,推荐国际学术会议,C类,
FCCM,Field-Programmable Custom Computing Machines,2019,IEEE,http://dblp.uni-trier.de/db/conf/fccm/,计算机体系结构/并行与分布计算/存储系统,推荐国际学术会议,C类,
GLSVLSI,Great Lakes Symposium on VLSI,2019,ACM/IEEE,http://dblp.uni-trier.de/db/conf/glvlsi/,计算机体系结构/并行与分布计算/存储系统,推荐国际学术会议,C类,
ATS,IEEE Asian Test Symposium,2019,IEEE,http://dblp.uni-trier.de/db/conf/ats/,计算机体系结构/并行与分布计算/存储系统,推荐国际学术会议,C类,
HPCC,IEEE International Conference on High Performance Computing and Communications,2019,IEEE,http://dblp.uni-trier.de/db/conf/hpcc/,计算机体系结构/并行与分布计算/存储系统,推荐国际学术会议,C类,
HiPC,"IEEE International Conference on High Performance Computing, Data and Analytics",2019,IEEE/ ACM,http://dblp.uni-trier.de/db/conf/hipc/index.html,计算机体系结构/并行与分布计算/存储系统,推荐国际学术会议,C类,
MASCOTS,"IEEE International Symposium on Modeling, Analysis, and Simulation of Computer and Telecommunication Systems",2019,IEEE,http://dblp.uni-trier.de/db/conf/mascots/,计算机体系结构/并行与分布计算/存储系统,推荐国际学术会议,C类,
ISPA,IEEE International Symposium on Parallel and Distributed Processing with Applications,2019,IEEE,http://dblp.uni-trier.de/db/conf/ispa/,计算机体系结构/并行与分布计算/存储系统,推荐国际学术会议,C类,
CCGRID,"IEEE/ACM International Symposium on Cluster, Cloud and Grid Computing",2019,ACM/IEEE,http://dblp.uni-trier.de/db/conf/ccgrid/,计算机体系结构/并行与分布计算/存储系统,推荐国际学术会议,C类,
NPC,IFIP International Conference on Network and Parallel Computing,2019,Springer,http://dblp.uni-trier.de/db/conf/npc/,计算机体系结构/并行与分布计算/存储系统,推荐国际学术会议,C类,
ICA3PP,International Conference on Algorithms and Architectures for Parallel Processing,2019,IEEE,http://dblp.uni-trier.de/db/conf/ica3pp/,计算机体系结构/并行与分布计算/存储系统,推荐国际学术会议,C类,
CASES,"International Conference on Compilers, Architectures, and Synthesis for Embedded Systems",2019,ACM,http://dblp.uni-trier.de/db/conf/cases/index.html,计算机体系结构/并行与分布计算/存储系统,推荐国际学术会议,C类,
FPT,International Conference on Field-Programmable Technology,2019,IEEE,http://dblp.uni-trier.de/db/conf/fpt/,计算机体系结构/并行与分布计算/存储系统,推荐国际学术会议,C类,
ICPADS,International Conference on Parallel and Distributed Systems,2019,IEEE,http://dblp.uni-trier.de/db/conf/icpads/,计算机体系结构/并行与分布计算/存储系统,推荐国际学术会议,C类,
ISCAS,International Symposium on Circuits and Systems,2019,IEEE,http://dblp.uni-trier.de/db/conf/iscas/,计算机体系结构/并行与分布计算/存储系统,推荐国际学术会议,C类,
ISLPED,International Symposium on Low Power Electronics and Design,2019,ACM/IEEE,http://dblp.uni-trier.de/db/conf/islped/,计算机体系结构/并行与分布计算/存储系统,推荐国际学术会议,C类,
ISPD,International Symposium on Physical Design,2019,ACM,http://dblp.uni-trier.de/db/conf/ispd/,计算机体系结构/并行与分布计算/存储系统,推荐国际学术会议,C类,
HotI,Symposium on High-Performance Interconnects,2019,IEEE,http://dblp.uni-trier.de/db/conf/hoti/,计算机体系结构/并行与分布计算/存储系统,推荐国际学术会议,C类,
VTS,VLSI Test Symposium,2019,IEEE,http://dblp.uni-trier.de/db/conf/vts/,计算机体系结构/并行与分布计算/存储系统,推荐国际学术会议,C类,
TDSC,IEEE Transactions on Dependable and Secure Computing,2019,IEEE,http://dblp.uni-trier.de/db/journals/tdsc/,网络与信息安全,推荐国际学术刊物,A类,
TIFS,IEEE Transactions on Information Forensics and Security,2019,IEEE,http://dblp.uni-trier.de/db/journals/tifs/,网络与信息安全,推荐国际学术刊物,A类,
,Journal of Cryptology,2019,Springer,http://dblp.uni-trier.de/db/journals/joc/,网络与信息安全,推荐国际学术刊物,A类,
TOPS,ACM Transactions on Privacy and Security,2019,ACM,https://tops.acm.org/,网络与信息安全,推荐国际学术刊物,B类,
,Computers & Security,2019,Elsevier,http://dblp.uni-trier.de/db/journals/compsec/,网络与信息安全,推荐国际学术刊物,B类,
,Designs Codes and Cryptography,2019,Springer,http://dblp.uni-trier.de/db/journals/dcc/,网络与信息安全,推荐国际学术刊物,B类,
JCS,Journal of Computer Security,2019,IOS Press,http://dblp.uni-trier.de/db/journals/jcs/,网络与信息安全,推荐国际学术刊物,B类,
CLSR,Computer Law & Security Review,2019,Elsevier,http://www.journals.elsevier.com/computer-law-and-security-review/,网络与信息安全,推荐国际学术刊物,C类,
,EURASIP Journal on Information Security,2019,Springer,http://dblp.uni-trier.de/db/journals/ejisec/,网络与信息安全,推荐国际学术刊物,C类,
,IET Information Security,2019,IET,http://dblp.uni-trier.de/db/journals/iet-ifs/,网络与信息安全,推荐国际学术刊物,C类,
IMCS,Information Management & Computer Security,2019,Emerald,http://dblp.uni-trier.de/db/journals/imcs/,网络与信息安全,推荐国际学术刊物,C类,Information and Computer Security
IJICS,International Journal of Information and Computer Security,2019,Inderscience,http://dblp.uni-trier.de/db/journals/ijics/,网络与信息安全,推荐国际学术刊物,C类,
IJISP,International Journal of Information Security and Privacy,2019,Idea Group Inc,http://dblp.uni-trier.de/db/journals/ijisp/,网络与信息安全,推荐国际学术刊物,C类,
JISA,Journal of Information Security and Applications,2019,Elsevier,http://dblp.uni-trier.de/db/journals/istr/,网络与信息安全,推荐国际学术刊物,C类,
SCN,Security and Communication Networks,2019,Wiley,http://dblp.uni-trier.de/db/journals/scn/,网络与信息安全,推荐国际学术刊物,C类,
CCS,ACM Conference on Computer and Communications Security,2019,ACM,http://dblp.uni-trier.de/db/conf/ccs/,网络与信息安全,推荐国际学术会议,A类,
EUROCRYPT,European Cryptology Conference,2019,Springer,http://dblp.uni-trier.de/db/conf/eurocrypt/,网络与信息安全,推荐国际学术会议,A类,
S&P,IEEE Symposium on Security and Privacy,2019,IEEE,http://dblp.uni-trier.de/db/conf/sp/,网络与信息安全,推荐国际学术会议,A类,
CRYPTO,International Cryptology Conference,2019,Springer,http://dblp.uni-trier.de/db/conf/crypto/,网络与信息安全,推荐国际学术会议,A类,
USENIX Security,Usenix Security Symposium,2019,USENIX Association,http://dblp.uni-trier.de/db/conf/uss/,网络与信息安全,推荐国际学术会议,A类,
ACSAC,Annual Computer Security Applications Conference,2019,IEEE,http://dblp.uni-trier.de/db/conf/acsac/,网络与信息安全,推荐国际学术会议,B类,
ASIACRYPT,Annual International Conference on the Theory and Application of Cryptology and Information Security,2019,Springer,http://dblp.uni-trier.de/db/conf/asiacrypt/,网络与信息安全,推荐国际学术会议,B类,
ESORICS,European Symposium on Research in Computer Security,2019,Springer,http://dblp.uni-trier.de/db/conf/esorics/,网络与信息安全,推荐国际学术会议,B类,
FSE,Fast Software Encryption,2019,Springer,http://dblp.uni-trier.de/db/conf/fse/,网络与信息安全,推荐国际学术会议,B类,
CSFW,IEEE Computer Security Foundations Workshop,2019,IEEE,http://dblp.uni-trier.de/db/conf/csfw/,网络与信息安全,推荐国际学术会议,B类,
SRDS,IEEE International Symposium on Reliable Distributed Systems,2019,IEEE,http://dblp.uni-trier.de/db/conf/srds/,网络与信息安全,推荐国际学术会议,B类,
CHES,International Conference on Cryptographic Hardware and Embedded Systems,2019,Springer,http://dblp.uni-trier.de/db/conf/ches/,网络与信息安全,推荐国际学术会议,B类,
DSN,International Conference on Dependable Systems and Networks,2019,IEEE/IFIP,http://dblp.uni-trier.de/db/conf/dsn/,网络与信息安全,推荐国际学术会议,B类,
RAID,International Symposium on Recent Advances in Intrusion Detection,2019,Springer,http://dblp.uni-trier.de/db/conf/raid/,网络与信息安全,推荐国际学术会议,B类,
PKC,International Workshop on Practice and Theory in Public Key Cryptography,2019,Springer,http://dblp.uni-trier.de/db/conf/pkc/,网络与信息安全,推荐国际学术会议,B类,
NDSS,ISOC Network and Distributed System Security Symposium,2019,ISOC,http://dblp.uni-trier.de/db/conf/ndss/,网络与信息安全,推荐国际学术会议,B类,
TCC,Theory of Cryptography Conference,2019,Springer,http://dblp.uni-trier.de/db/conf/tcc/,网络与信息安全,推荐国际学术会议,B类,
WiSec,ACM Conference on Security and Privacy in Wireless and Mobile Networks,2019,ACM,http://dblp.uni-trier.de/db/conf/wisec/,网络与信息安全,推荐国际学术会议,C类,
SACMAT,ACM Symposium on Access Control Models and Technologies,2019,ACM,http://dblp.uni-trier.de/db/conf/sacmat/,网络与信息安全,推荐国际学术会议,C类,
DRM,ACM Workshop on Digital Rights Management,2019,ACM,http://dblp.uni-trier.de/db/conf/drm/,网络与信息安全,推荐国际学术会议,C类,
IH&MMSec,ACM Workshop on Information Hiding and Multimedia Security,2019,ACM,http://dblp.uni-trier.de/db/conf/ih/,网络与信息安全,推荐国际学术会议,C类,
ACNS,Applied Cryptography and Network Security,2019,Springer,http://dblp.uni-trier.de/db/conf/acns/,网络与信息安全,推荐国际学术会议,C类,
AsiaCCS,Asia Conference on Computer and Communications Security,2019,ACM,http://dblp.uni-trier.de/db/conf/ccs/,网络与信息安全,推荐国际学术会议,C类,
ACISP,AustralasiaConferenceonInformation SecurityandPrivacy,2019,Springer,http://dblp.uni-trier.de/db/conf/acisp/,网络与信息安全,推荐国际学术会议,C类,
CT-RSA,"RSA Conference, Cryptographers' Track",2019,Springer,http://dblp.uni-trier.de/db/conf/ctrsa/,网络与信息安全,推荐国际学术会议,C类,
DIMVA,Detection of Intrusions and Malware &Vulnerability Assessment,2019,SIDAR、GI、Springer,http://dblp.uni-trier.de/db/conf/dimva/,网络与信息安全,推荐国际学术会议,C类,
DFRWS,Digital Forensic Research Workshop,2019,Elsevier,http://dblp.uni-trier.de/db/conf/dfrws/,网络与信息安全,推荐国际学术会议,C类,
FC,Financial Cryptography and Data Security,2019,Springer,http://dblp.uni-trier.de/db/conf/fc/,网络与信息安全,推荐国际学术会议,C类,
TrustCom,"IEEE International Conference on Trust,Security and Privacy in Computing and Communications",2019,IEEE,http://dblp.uni-trier.de/db/conf/trustcom/,网络与信息安全,推荐国际学术会议,C类,
SEC,IFIP International Information Security Conference,2019,Springer,http://dblp.uni-trier.de/db/conf/sec/,网络与信息安全,推荐国际学术会议,C类,
IFIP WG 11.9,IFIP WG 11.9 International Conference on Digital Forensics,2019,Springer,http://www.ifip119.org/Conferences/,网络与信息安全,推荐国际学术会议,C类,
ISC,Information Security Conference,2019,Springer,http://dblp.uni-trier.de/db/conf/isw/,网络与信息安全,推荐国际学术会议,C类,
ICDF2C,International Conference on Digital Forensics & Cyber Crime,2019,Springer,http://dblp.uni-trier.de/db/conf/icdf2c/,网络与信息安全,推荐国际学术会议,C类,
ICICS,International Conference on Information and Communications Security,2019,Springer,http://dblp.uni-trier.de/db/conf/icics/,网络与信息安全,推荐国际学术会议,C类,
SecureComm,International Conference on Security and Privacy in Communication Networks,2019,ACM,http://dblp.uni-trier.de/db/conf/securecomm/,网络与信息安全,推荐国际学术会议,C类,
NSPW,New Security Paradigms Workshop,2019,ACM,http://dblp.uni-trier.de/db/conf/nspw/,网络与信息安全,推荐国际学术会议,C类,
PAM,Passive and Active Measurement Conference,2019,Springer,http://dblp.uni-trier.de/db/conf/pam/,网络与信息安全,推荐国际学术会议,C类,
PETS,Privacy Enhancing Technologies Symposium,2019,Springer,http://dblp.uni-trier.de/db/conf/pet/,网络与信息安全,推荐国际学术会议,C类,
SAC,Selected Areas in Cryptography,2019,Springer,http://dblp.uni-trier.de/db/conf/sacrypt/,网络与信息安全,推荐国际学术会议,C类,
SOUPS,Symposium On Usable Privacy and Security,2019,ACM,http://dblp.uni-trier.de/db/conf/soups/,网络与信息安全,推荐国际学术会议,C类,
HotSec,USENIX Workshop on Hot Topics in Security,2019,USENIX,http://www.usenix.org/events/,网络与信息安全,推荐国际学术会议,C类,
AI,Artificial Intelligence,2019,Elsevier,http://dblp.uni-trier.de/db/journals/ai/,人工智能,推荐国际学术刊物,A类,
TPAMI,IEEE Transactions on Pattern Analysis and Machine Intelligence,2019,IEEE,http://dblp.uni-trier.de/db/journals/pami/,人工智能,推荐国际学术刊物,A类,
IJCV,International Journal of Computer Vision,2019,Springer,http://dblp.uni-trier.de/db/journals/ijcv/,人工智能,推荐国际学术刊物,A类,
JMLR,Journal of Machine Learning Research,2019,MIT Press,http://dblp.uni-trier.de/db/journals/jmlr/,人工智能,推荐国际学术刊物,A类,
TAP,ACM Transactions on Applied Perception,2019,ACM,http://dblp.uni-trier.de/db/journals/tap/,人工智能,推荐国际学术刊物,B类,
TSLP,ACM Transactions on Speech and Language Processing,2019,ACM,http://dblp.uni-trier.de/db/journals/tslp/,人工智能,推荐国际学术刊物,B类,已停刊
AAMAS,Autonomous Agents and Multi-Agent Systems,2019,Springer,http://dblp.uni-trier.de/db/journals/aamas/,人工智能,推荐国际学术刊物,B类,
,Computational Linguistics,2019,MIT Press,http://dblp.uni-trier.de/db/journals/coling/,人工智能,推荐国际学术刊物,B类,
CVIU,Computer Vision and Image Understanding,2019,Elsevier,http://dblp.uni-trier.de/db/journals/cviu/,人工智能,推荐国际学术刊物,B类,
DKE,Data and Knowledge Engineering,2019,Elsevier,http://dblp.uni-trier.de/db/journals/dke/index.html,人工智能,推荐国际学术刊物,B类,
,Evolutionary Computation,2019,MIT Press,http://dblp.uni-trier.de/db/journals/ec/,人工智能,推荐国际学术刊物,B类,
TAC,IEEE Transactions on Affective Computing,2019,IEEE,http://dblp.uni-trier.de/db/journals/taffco/,人工智能,推荐国际学术刊物,B类,
TASLP,"IEEE Transactions on Audio, Speech, and Language Processing",2019,IEEE,http://dblp.uni-trier.de/db/journals/taslp/,人工智能,推荐国际学术刊物,B类,IEEE-ACM Transactions on Audio Speech and Language Processing
,IEEE Transactions on Cybernetics,2019,IEEE,http://dblp.uni-trier.de/db/journals/tcyb/,人工智能,推荐国际学术刊物,B类,
TEC,IEEE Transactions on Evolutionary Computation,2019,IEEE,http://dblp.uni-trier.de/db/journals/tec/,人工智能,推荐国际学术刊物,B类,
TFS,IEEE Transactions on Fuzzy Systems,2019,IEEE,http://dblp.uni-trier.de/db/journals/tfs/,人工智能,推荐国际学术刊物,B类,
TNNLS,IEEE Transactions on Neural Networks and learning systems,2019,IEEE,http://dblp.uni-trier.de/db/journals/tnn/,人工智能,推荐国际学术刊物,B类,
IJAR,International Journal of Approximate Reasoning,2019,Elsevier,http://dblp.uni-trier.de/db/journals/ijar/,人工智能,推荐国际学术刊物,B类,
JAIR,Journal of Artificial Intelligence Research,2019,AAAI,http://dblp.uni-trier.de/db/journals/jair/index.html,人工智能,推荐国际学术刊物,B类,
,Journal of Automated Reasoning,2019,Springer,http://dblp.uni-trier.de/db/journals/jar/,人工智能,推荐国际学术刊物,B类,
JSLHR,Journal of Speech Language and Hearing Research,2019,American Speech-Language Hearing Association,http://jslhr.pubs.asha.org/,人工智能,推荐国际学术刊物,B类,
,Machine Learning,2019,Springer,http://dblp.uni-trier.de/db/journals/ml/,人工智能,推荐国际学术刊物,B类,
,Neural Computation,2019,MIT Press,http://dblp.uni-trier.de/db/journals/neco/,人工智能,推荐国际学术刊物,B类,
,Neural Networks,2019,Elsevier,http://dblp.uni-trier.de/db/journals/nn/,人工智能,推荐国际学术刊物,B类,
,Pattern Recognition,2019,Elsevier,http://dblp.uni-trier.de/db/conf/par/,人工智能,推荐国际学术刊物,B类,
TALLIP,ACM Transactions on Asian and Low-Resource Language Information Processing,2019,ACM,http://dblp.uni-trier.de/db/journals/talip/,人工智能,推荐国际学术刊物,C类,
,Applied Intelligence,2019,Springer,http://dblp.uni-trier.de/db/journals/apin/,人工智能,推荐国际学术刊物,C类,
AIM,Artificial Intelligence in Medicine,2019,Elsevier,http://dblp.uni-trier.de/db/journals/artmed/,人工智能,推荐国际学术刊物,C类,
,Artificial Life,2019,MIT Press,http://dblp.uni-trier.de/db/journals/alife/,人工智能,推荐国际学术刊物,C类,
,Computational Intelligence,2019,Wiley,http://dblp.uni-trier.de/db/journals/ci/,人工智能,推荐国际学术刊物,C类,
,Computer Speech and Language,2019,Elsevier,http://dblp.uni-trier.de/db/journals/csl/,人工智能,推荐国际学术刊物,C类,
,Connection Science,2019,Taylor & Francis,http://dblp.uni-trier.de/db/journals/connection/,人工智能,推荐国际学术刊物,C类,
DSS,Decision Support Systems,2019,Elsevier,http://dblp.uni-trier.de/db/journals/dss/,人工智能,推荐国际学术刊物,C类,
EAAI,Engineering Applications of Artificial Intelligence,2019,Elsevier,http://dblp.uni-trier.de/db/journals/eaai/,人工智能,推荐国际学术刊物,C类,
,Expert Systems,2019,Blackwell /Wiley,http://dblp.uni-trier.de/db/journals/es/,人工智能,推荐国际学术刊物,C类,
ESWA,Expert Systems with Applications,2019,Elsevier,http://dblp.uni-trier.de/db/journals/eswa/,人工智能,推荐国际学术刊物,C类,
,Fuzzy Sets and Systems,2019,Elsevier,http://dblp.uni-trier.de/db/journals/fss/,人工智能,推荐国际学术刊物,C类,
TG,IEEE Transactions on Games,2019,IEEE,http://dblp.uni-trier.de/db/journals/tciaig/,人工智能,推荐国际学术刊物,C类,
IET-CVI,IET Computer Vision,2019,IET,http://digital-library.theiet.org/content/journals/iet-cvi,人工智能,推荐国际学术刊物,C类,
,IET Signal Processing,2019,IET,http://digital-library.theiet.org/content/journals/iet-spr,人工智能,推荐国际学术刊物,C类,
IVC,Image and Vision Computing,2019,Elsevier,http://dblp.uni-trier.de/db/journals/ivc/,人工智能,推荐国际学术刊物,C类,
IDA,Intelligent Data Analysis,2019,Elsevier,http://dblp.uni-trier.de/db/journals/ida/,人工智能,推荐国际学术刊物,C类,
IJCIA,International Journal of Computational Intelligence and Applications,2019,World Scientific,http://dblp.uni-trier.de/db/journals/ijcia/,人工智能,推荐国际学术刊物,C类,
IJIS,International Journal of Intelligent Systems,2019,Wiley,http://dblp.uni-trier.de/db/journals/ijis/,人工智能,推荐国际学术刊物,C类,
IJNS,International Journal of Neural Systems,2019,World Scientific,http://dblp.uni-trier.de/db/journals/ijns/,人工智能,推荐国际学术刊物,C类,
IJPRAI,International Journal of Pattern Recognition and Artificial Intelligence,2019,World Scientific,http://dblp.uni-trier.de/db/journals/ijprai/,人工智能,推荐国际学术刊物,C类,
IJUFKS,International Journal of Uncertainty Fuzziness and Knowledge-Based System,2019,World Scientific,https://dblp.uni-trier.de/db/journals/ijufks/,人工智能,推荐国际学术刊物,C类,
IJDAR,International Journal on Document Analysis and Recognition,2019,Springer,http://dblp.uni-trier.de/db/journals/ijdar/,人工智能,推荐国际学术刊物,C类,
JETAI,Journal of Experimental & Theoretical Artificial Intelligence,2019,Taylor & Francis,http://dblp.uni-trier.de/db/journals/jetai/,人工智能,推荐国际学术刊物,C类,
KBS,Knowledge-Based Systems,2019,Elsevier,http://dblp.uni-trier.de/db/journals/kbs/,人工智能,推荐国际学术刊物,C类,
,Machine Translation,2019,Springer,http://dblp.uni-trier.de/db/journals/mt/,人工智能,推荐国际学术刊物,C类,
,Machine Vision and Applications,2019,Springer,http://dblp.uni-trier.de/db/journals/mva/,人工智能,推荐国际学术刊物,C类,
,Natural Computing,2019,Springer,http://dblp.uni-trier.de/db/journals/nc/,人工智能,推荐国际学术刊物,C类,
NLE,Natural Language Engineering,2019,Cambridge University,http://dblp.uni-trier.de/db/journals/nle/,人工智能,推荐国际学术刊物,C类,
NCA,Neural Computing & Applications,2019,Springer,http://dblp.uni-trier.de/db/journals/nca/,人工智能,推荐国际学术刊物,C类,
NPL,Neural Processing Letters,2019,Springer,http://dblp.uni-trier.de/db/journals/npl/,人工智能,推荐国际学术刊物,C类,
,Neurocomputing,2019,Elsevier,http://dblp.uni-trier.de/db/journals/ijon/,人工智能,推荐国际学术刊物,C类,
PAA,Pattern Analysis and Applications,2019,Springer,http://dblp.uni-trier.de/db/journals/paa/,人工智能,推荐国际学术刊物,C类,
PRL,Pattern Recognition Letters,2019,Elsevier,http://dblp.uni-trier.de/db/journals/prl/,人工智能,推荐国际学术刊物,C类,
,Soft Computing,2019,Springer,http://dblp.uni-trier.de/db/journals/soco/,人工智能,推荐国际学术刊物,C类,
WI,Web Intelligence,2019,IOS Press,http://dblp.uni-trier.de/db/journals/wias/,人工智能,推荐国际学术刊物,C类,
AAAI,AAAI Conference on Artificial Intelligence,2019,AAAI,http://dblp.uni-trier.de/db/conf/aaai/,人工智能,推荐国际学术会议,A类,
NeurIPS,Annual Conference on Neural Information Processing Systems,2019,MIT Press,http://dblp.uni-trier.de/db/conf/nips/,人工智能,推荐国际学术会议,A类,
ACL,Annual Meeting of the Association for Computational Linguistics,2019,ACL,http://dblp.uni-trier.de/db/conf/acl/,人工智能,推荐国际学术会议,A类,
CVPR,IEEE Conference on Computer Vision and Pattern Recognition,2019,IEEE,http://dblp.uni-trier.de/db/conf/cvpr/,人工智能,推荐国际学术会议,A类,
ICCV,International Conference on Computer Vision,2019,IEEE,http://dblp.uni-trier.de/db/conf/iccv/,人工智能,推荐国际学术会议,A类,
ICML,International Conference on Machine Learning,2019,ACM,http://dblp.uni-trier.de/db/conf/icml/,人工智能,推荐国际学术会议,A类,
IJCAI,International Joint Conference on Artificial Intelligence,2019,Morgan Kaufmann,http://dblp.uni-trier.de/db/conf/ijcai/,人工智能,推荐国际学术会议,A类,
COLT,Annual Conference on Computational Learning Theory,2019,Springer,http://dblp.uni-trier.de/db/conf/colt/,人工智能,推荐国际学术会议,B类,
EMNLP,Conference on Empirical Methods in Natural Language Processing,2019,ACL,http://dblp.uni-trier.de/db/conf/emnlp/,人工智能,推荐国际学术会议,B类,
ECAI,European Conference on Artificial Intelligence,2019,IOS Press,http://dblp.uni-trier.de/db/conf/ecai/,人工智能,推荐国际学术会议,B类,
ECCV,European Conference on Computer Vision,2019,Springer,http://dblp.uni-trier.de/db/conf/eccv/,人工智能,推荐国际学术会议,B类,
ICRA,IEEE International Conference on Robotics and Automation,2019,IEEE,http://dblp.uni-trier.de/db/conf/icra/,人工智能,推荐国际学术会议,B类,
ICAPS,International Conference on Automated Planning and Scheduling,2019,AAAI,http://dblp.uni-trier.de/db/conf/aips/,人工智能,推荐国际学术会议,B类,
ICCBR,International Conference on Case-Based Reasoning and Development,2019,Springer,http://dblp.uni-trier.de/db/conf/iccbr/,人工智能,推荐国际学术会议,B类,
COLING,International Conference on Computational Linguistics,2019,ACM,http://dblp.uni-trier.de/db/conf/coling/,人工智能,推荐国际学术会议,B类,
KR,International Conference on Principles of Knowledge Representation and Reasoning,2019,Morgan Kaufmann,http://dblp.uni-trier.de/db/conf/kr/,人工智能,推荐国际学术会议,B类,
UAI,International Conference on Uncertainty in Artificial Intelligence,2019,AUAI,http://dblp.uni-trier.de/db/conf/uai/,人工智能,推荐国际学术会议,B类,
AAMAS,International Joint Conference on Autonomous Agents and Multi-agent Systems,2019,Springer,http://dblp.uni-trier.de/db/conf/atal/index.html,人工智能,推荐国际学术会议,B类,
PPSN,Parallel Problem Solving from Nature,2019,Springer,http://dblp.uni-trier.de/db/conf/ppsn/,人工智能,推荐国际学术会议,B类,
AISTATS,Artificial Intelligence and Statistics,2019,JMLR,http://dblp.uni-trier.de/db/conf/aistats/,人工智能,推荐国际学术会议,C类,
ACCV,Asian Conference on Computer Vision,2019,Springer,http://dblp.uni-trier.de/db/conf/accv/,人工智能,推荐国际学术会议,C类,
ACML,Asian Conference on Machine Learning,2019,JMLR,http://dblp.uni-trier.de/db/conf/acml/,人工智能,推荐国际学术会议,C类,
BMVC,British Machine Vision Conference,2019,British Machine Vision Association,http://dblp.uni-trier.de/db/conf/bmvc/,人工智能,推荐国际学术会议,C类,
NLPCC,CCF International Conference on Natural Language Processing and Chinese Computing,2019,Springer,https://dblp.uni-trier.de/db/conf/nlpcc/,人工智能,推荐国际学术会议,C类,
CoNLL,Conference on Computational Natural Language Learning,2019,Association for Computational Linguistics,http://dblp.uni-trier.de/db/conf/conll,人工智能,推荐国际学术会议,C类,
GECCO,Genetic and Evolutionary Computation Conference,2019,ACM,http://dblp.uni-trier.de/db/conf/gecco/,人工智能,推荐国际学术会议,C类,
ICTAI,IEEE International Conference on Tools with Artificial Intelligence,2019,IEEE,http://dblp.uni-trier.de/db/conf/ictai/,人工智能,推荐国际学术会议,C类,
IROS,IEEE\RSJ International Conference on Intelligent Robots and Systems,2019,IEEE,http://dblp.uni-trier.de/db/conf/iros/,人工智能,推荐国际学术会议,C类,
ALT,International Conference on Algorithmic Learning Theory,2019,Springer,http://dblp.uni-trier.de/db/conf/alt/,人工智能,推荐国际学术会议,C类,
ICANN,International Conference on Artificial Neural Networks,2019,Springer,http://dblp.uni-trier.de/db/conf/icann/,人工智能,推荐国际学术会议,C类,
FG,International Conference on Automatic Face and Gesture Recognition,2019,IEEE,http://dblp.uni-trier.de/db/conf/fgr/,人工智能,推荐国际学术会议,C类,
ICDAR,International Conference on Document Analysis and Recognition,2019,IEEE,http://dblp.uni-trier.de/db/conf/icdar/,人工智能,推荐国际学术会议,C类,
ILP,International Conference on Inductive Logic Programming,2019,Springer,http://dblp.uni-trier.de/db/conf/ilp/,人工智能,推荐国际学术会议,C类,
KSEM,"International conference on Knowledge Science,Engineering and Management",2019,Springer,http://dblp.uni-trier.de/db/conf/ksem/,人工智能,推荐国际学术会议,C类,
ICONIP,International Conference on Neural Information Processing,2019,Springer,http://dblp.uni-trier.de/db/conf/iconip/,人工智能,推荐国际学术会议,C类,
ICPR,International Conference on Pattern Recognition,2019,IEEE,http://dblp.uni-trier.de/db/conf/icpr/,人工智能,推荐国际学术会议,C类,
ICB,International Joint Conference on Biometrics,2019,IEEE,http://dblp.uni-trier.de/db/conf/icb/,人工智能,推荐国际学术会议,C类,
IJCNN,International Joint Conference on Neural Networks,2019,IEEE,http://dblp.uni-trier.de/db/conf/ijcnn/,人工智能,推荐国际学术会议,C类,
PRICAI,Pacific Rim International Conference on Artificial Intelligence,2019,Springer,http://dblp.uni-trier.de/db/conf/pricai/,人工智能,推荐国际学术会议,C类,
NAACL,The Annual Conference of the North American Chapter of the Association for Computational Linguistics,2019,NAACL,http://dblp.uni-trier.de/db/conf/naacl/,人工智能,推荐国际学术会议,C类,
JACM,Journal of the ACM,2019,ACM,http://dblp.uni-trier.de/db/journals/jacm/,交叉/综合/新兴,推荐国际学术刊物,A类,
Proc. IEEE,Proceedings of the IEEE,2019,IEEE,http://dblp.uni-trier.de/db/journals/pieee/,交叉/综合/新兴,推荐国际学术刊物,A类,
,Bioinformatics,2019,Oxford University Press,http://dblp.uni-trier.de/db/journals/bioinformatics/,交叉/综合/新兴,推荐国际学术刊物,B类,
,Briefings in Bioinformatics,2019,Oxford University Press,http://dblp.uni-trier.de/db/journals/bib/,交叉/综合/新兴,推荐国际学术刊物,B类,
,Cognition,2019,Elsevier,http://www.journals.elsevier.com/cognition/,交叉/综合/新兴,推荐国际学术刊物,B类,
TASAE,IEEE Transactions on Automation Science and Engineering,2019,IEEE,http://dblp.uni-trier.de/db/journals/tase/,交叉/综合/新兴,推荐国际学术刊物,B类,
TGARS,IEEE Transactions on Geoscience and Remote Sensing,2019,IEEE,http://dblp.uni-trier.de/db/journals/tgrs/,交叉/综合/新兴,推荐国际学术刊物,B类,
TITS,IEEE Transactions on Intelligent Transportation Systems,2019,IEEE,http://dblp.uni-trier.de/db/journals/tits/,交叉/综合/新兴,推荐国际学术刊物,B类,
TMI,IEEE Transactions on Medical Imaging,2019,IEEE,http://dblp.uni-trier.de/db/journals/tmi/,交叉/综合/新兴,推荐国际学术刊物,B类,
TR,IEEE Transactions on Robotics,2019,IEEE,http://dblp.uni-trier.de/db/journals/trob/,交叉/综合/新兴,推荐国际学术刊物,B类,
TCBB,IEEE-ACM Transactions on Computational Biology and Bioinformatics,2019,IEEE/ACM,http://dblp.uni-trier.de/db/journals/tcbb/,交叉/综合/新兴,推荐国际学术刊物,B类,
JCST,Journal of Computer Science and Technology,2019,SCIENCE PRESS,http://dblp.uni-trier.de/db/journals/jcst/,交叉/综合/新兴,推荐国际学术刊物,B类,
JAMIA,Journal of the American Medical Informatics Association,2019,BMJ Journals,http://dblp.uni-trier.de/db/journals/jamia/,交叉/综合/新兴,推荐国际学术刊物,B类,
,PLOS Computational Biology,2019,Public Library of Science,http://dblp.uni-trier.de/db/journals/ploscb/,交叉/综合/新兴,推荐国际学术刊物,B类,
,Science China-Information Sciences,2019,Science in China Press /Springer,http://dblp.uni-trier.de/db/journals/chinaf/,交叉/综合/新兴,推荐国际学术刊物,B类,
,Computer Journal,2019,Oxford University Press,http://dblp.uni-trier.de/db/journals/cj/,交叉/综合/新兴,推荐国际学术刊物,B类,
,World Wide Web-Internet and Web Information Systems,2019,Springer,https://www.springer.com/journal/11280,交叉/综合/新兴,推荐国际学术刊物,B类,
,BMC Bioinformatics,2019,BioMed Central,http://dblp.uni-trier.de/db/journals/bmcbi/,交叉/综合/新兴,推荐国际学术刊物,C类,
,Cybernetics and Systems,2019,Taylor & Francis,http://dblp.uni-trier.de/db/journals/cas/,交叉/综合/新兴,推荐国际学术刊物,C类,
FCS,Frontiers of Computer Science,2019,Higher Education Press,http://dblp.uni-trier.de/db/journals/fcsc/,交叉/综合/新兴,推荐国际学术刊物,C类,
,IEEE Geoscience and Remote Sensing Letters,2019,IEEE,http://dblp.uni-trier.de/db/journals/lgrs/,交叉/综合/新兴,推荐国际学术刊物,C类,
JBHI,IEEE Journal of Biomedical and Health Informatics,2019,IEEE,http://dblp.uni-trier.de/db/journals/titb/,交叉/综合/新兴,推荐国际学术刊物,C类,
TBD,IEEE Transactions on Big Data,2019,IEEE,https://dblp.uni-trier.de/db/journals/tbd/,交叉/综合/新兴,推荐国际学术刊物,C类,
,IET Intelligent Transport Systems,2019,IET,http://digital-library.theiet.org/content/journals/iet-its,交叉/综合/新兴,推荐国际学术刊物,C类,
JBI,Journal of Biomedical Informatics,2019,Elsevier,https://dblp.uni-trier.de/db/journals/jbi/,交叉/综合/新兴,推荐国际学术刊物,C类,
,Medical Image Analysis,2019,Elsevier,http://dblp.uni-trier.de/db/journals/mia/,交叉/综合/新兴,推荐国际学术刊物,C类,
WWW,International World Wide Web Conferences,2019,ACM,http://dblp.uni-trier.de/db/conf/www/,交叉/综合/新兴,推荐国际学术会议,A类,
RTSS,Real-Time Systems Symposium,2019,IEEE,http://dblp.uni-trier.de/db/conf/rtss/,交叉/综合/新兴,推荐国际学术会议,A类,
CogSci,Cognitive Science Society Annual Conference,2019,Psychology Press,http://cognitivesciencesociety.org/conference2013/index.html,交叉/综合/新兴,推荐国际学术会议,B类,
BIBM,IEEE International Conference on Bioinformatics and Biomedicine,2019,IEEE,http://dblp.uni-trier.de/db/conf/bibm/,交叉/综合/新兴,推荐国际学术会议,B类,
EMSOFT,International Conference on Embedded Software,2019,ACM/IEEE/IFIP,http://dblp.uni-trier.de/db/conf/emsoft/,交叉/综合/新兴,推荐国际学术会议,B类,
ISMB,International conference on Intelligent Systems for Molecular Biology,2019,Oxford Journals,http://www.iscb.org/about-ismb,交叉/综合/新兴,推荐国际学术会议,B类,
RECOMB,International Conference on Research in Computational Molecular Biology,2019,Springer,http://dblp.uni-trier.de/db/conf/recomb/,交叉/综合/新兴,推荐国际学术会议,B类,
AMIA,American Medical Informatics Association Annual Symposium,2019,AMIA,http://dblp.uni-trier.de/db/conf/amia/,交叉/综合/新兴,推荐国际学术会议,C类,
APBC,Asia Pacific Bioinformatics Conference,2019,BioMed Central,http://dblp.uni-trier.de/db/conf/apbc/,交叉/综合/新兴,推荐国际学术会议,C类,
,IEEE International Conference on Big Data,2019,IEEE,https://dblp.uni-trier.de/db/conf/bigdataconf/,交叉/综合/新兴,推荐国际学术会议,C类,
,IEEE International Conference on Cloud Computing,2019,IEEE,http://dblp.uni-trier.de/db/conf/IEEEcloud/,交叉/综合/新兴,推荐国际学术会议,C类,
SMC,"IEEE International Conference on Systems, Man, and Cybernetics",2019,IEEE,https://dblp.uni-trier.de/db/conf/smc/,交叉/综合/新兴,推荐国际学术会议,C类,
COSIT,International Conference on Spatial Information Theory,2019,ACM,http://dblp.uni-trier.de/db/conf/cosit/,交叉/综合/新兴,推荐国际学术会议,C类,
ISBRA,International Symposium on Bioinformatics Research and Applications,2019,Springer,https://dblp.uni-trier.de/db/conf/isbra/,交叉/综合/新兴,推荐国际学术会议,C类,
